candidate_id,fold,threshold,accuracy,precision,recall,f1,roc_auc,pr_auc,brier
feature_probe_existing,1,0.1,0.9856770833333334,0.4883720930232558,1.0,0.65625,0.9967153858242968,0.7655507436390627,0.005742281615793217
feature_probe_existing,1,0.11,0.9869791666666666,0.5121951219512195,1.0,0.6774193548387096,0.9967153858242968,0.7655507436390627,0.005742281615793217
feature_probe_existing,1,0.12,0.9869791666666666,0.5121951219512195,1.0,0.6774193548387096,0.9967153858242968,0.7655507436390627,0.005742281615793217
feature_probe_existing,1,0.13,0.9866536458333334,0.5063291139240507,0.9523809523809523,0.6611570247933884,0.9967153858242968,0.7655507436390627,0.005742281615793217
feature_probe_existing,1,0.13999999999999999,0.9866536458333334,0.5063291139240507,0.9523809523809523,0.6611570247933884,0.9967153858242968,0.7655507436390627,0.005742281615793217
feature_probe_existing,1,0.14999999999999997,0.9873046875,0.52,0.9285714285714286,0.6666666666666666,0.9967153858242968,0.7655507436390627,0.005742281615793217
feature_probe_existing,1,0.15999999999999998,0.9876302083333334,0.527027027027027,0.9285714285714286,0.6724137931034483,0.9967153858242968,0.7655507436390627,0.005742281615793217
feature_probe_existing,1,0.16999999999999998,0.98828125,0.5416666666666666,0.9285714285714286,0.6842105263157895,0.9967153858242968,0.7655507436390627,0.005742281615793217
feature_probe_existing,1,0.17999999999999997,0.98828125,0.5416666666666666,0.9285714285714286,0.6842105263157895,0.9967153858242968,0.7655507436390627,0.005742281615793217
feature_probe_existing,1,0.18999999999999995,0.9889322916666666,0.5588235294117647,0.9047619047619048,0.6909090909090909,0.9967153858242968,0.7655507436390627,0.005742281615793217
feature_probe_existing,1,0.19999999999999996,0.9892578125,0.5671641791044776,0.9047619047619048,0.6972477064220184,0.9967153858242968,0.7655507436390627,0.005742281615793217
feature_probe_existing,1,0.20999999999999996,0.9895833333333334,0.5757575757575758,0.9047619047619048,0.7037037037037037,0.9967153858242968,0.7655507436390627,0.005742281615793217
feature_probe_existing,1,0.21999999999999995,0.9895833333333334,0.578125,0.8809523809523809,0.6981132075471698,0.9967153858242968,0.7655507436390627,0.005742281615793217
feature_probe_existing,1,0.22999999999999995,0.9899088541666666,0.5901639344262295,0.8571428571428571,0.6990291262135923,0.9967153858242968,0.7655507436390627,0.005742281615793217
feature_probe_existing,1,0.23999999999999994,0.9908854166666666,0.6206896551724138,0.8571428571428571,0.72,0.9967153858242968,0.7655507436390627,0.005742281615793217
feature_probe_existing,1,0.24999999999999992,0.9905598958333334,0.6181818181818182,0.8095238095238095,0.7010309278350515,0.9967153858242968,0.7655507436390627,0.005742281615793217
feature_probe_existing,1,0.2599999999999999,0.9908854166666666,0.6346153846153846,0.7857142857142857,0.7021276595744681,0.9967153858242968,0.7655507436390627,0.005742281615793217
feature_probe_existing,1,0.2699999999999999,0.9908854166666666,0.64,0.7619047619047619,0.6956521739130435,0.9967153858242968,0.7655507436390627,0.005742281615793217
feature_probe_existing,1,0.2799999999999999,0.9915364583333334,0.6666666666666666,0.7619047619047619,0.7111111111111111,0.9967153858242968,0.7655507436390627,0.005742281615793217
feature_probe_existing,1,0.2899999999999999,0.9921875,0.7045454545454546,0.7380952380952381,0.7209302325581395,0.9967153858242968,0.7655507436390627,0.005742281615793217
feature_probe_existing,1,0.29999999999999993,0.9921875,0.7142857142857143,0.7142857142857143,0.7142857142857143,0.9967153858242968,0.7655507436390627,0.005742281615793217
feature_probe_existing,1,0.30999999999999994,0.9925130208333334,0.7317073170731707,0.7142857142857143,0.7228915662650602,0.9967153858242968,0.7655507436390627,0.005742281615793217
feature_probe_existing,1,0.3199999999999999,0.9925130208333334,0.7317073170731707,0.7142857142857143,0.7228915662650602,0.9967153858242968,0.7655507436390627,0.005742281615793217
feature_probe_existing,1,0.32999999999999985,0.9931640625,0.7692307692307693,0.7142857142857143,0.7407407407407407,0.9967153858242968,0.7655507436390627,0.005742281615793217
feature_probe_existing,1,0.33999999999999986,0.9928385416666666,0.7631578947368421,0.6904761904761905,0.725,0.9967153858242968,0.7655507436390627,0.005742281615793217
feature_probe_existing,1,0.34999999999999987,0.9928385416666666,0.7777777777777778,0.6666666666666666,0.717948717948718,0.9967153858242968,0.7655507436390627,0.005742281615793217
feature_probe_existing,1,0.3599999999999999,0.9934895833333334,0.8235294117647058,0.6666666666666666,0.7368421052631579,0.9967153858242968,0.7655507436390627,0.005742281615793217
feature_probe_existing,1,0.3699999999999999,0.9934895833333334,0.8235294117647058,0.6666666666666666,0.7368421052631579,0.9967153858242968,0.7655507436390627,0.005742281615793217
feature_probe_existing,1,0.3799999999999999,0.9928385416666666,0.8125,0.6190476190476191,0.7027027027027027,0.9967153858242968,0.7655507436390627,0.005742281615793217
feature_probe_existing,1,0.3899999999999999,0.9925130208333334,0.8064516129032258,0.5952380952380952,0.684931506849315,0.9967153858242968,0.7655507436390627,0.005742281615793217
feature_probe_existing,1,0.3999999999999998,0.9925130208333334,0.8064516129032258,0.5952380952380952,0.684931506849315,0.9967153858242968,0.7655507436390627,0.005742281615793217
feature_probe_existing,1,0.4099999999999998,0.9925130208333334,0.8064516129032258,0.5952380952380952,0.684931506849315,0.9967153858242968,0.7655507436390627,0.005742281615793217
feature_probe_existing,1,0.4199999999999998,0.9925130208333334,0.8064516129032258,0.5952380952380952,0.684931506849315,0.9967153858242968,0.7655507436390627,0.005742281615793217
feature_probe_existing,1,0.4299999999999998,0.9925130208333334,0.8064516129032258,0.5952380952380952,0.684931506849315,0.9967153858242968,0.7655507436390627,0.005742281615793217
feature_probe_existing,1,0.43999999999999984,0.9921875,0.8,0.5714285714285714,0.6666666666666666,0.9967153858242968,0.7655507436390627,0.005742281615793217
feature_probe_existing,1,0.44999999999999984,0.9921875,0.8,0.5714285714285714,0.6666666666666666,0.9967153858242968,0.7655507436390627,0.005742281615793217
feature_probe_existing,1,0.45999999999999985,0.9921875,0.8,0.5714285714285714,0.6666666666666666,0.9967153858242968,0.7655507436390627,0.005742281615793217
feature_probe_existing,1,0.46999999999999986,0.9925130208333334,0.8275862068965517,0.5714285714285714,0.676056338028169,0.9967153858242968,0.7655507436390627,0.005742281615793217
feature_probe_existing,1,0.47999999999999976,0.9921875,0.8214285714285714,0.5476190476190477,0.6571428571428571,0.9967153858242968,0.7655507436390627,0.005742281615793217
feature_probe_existing,1,0.48999999999999977,0.9918619791666666,0.8148148148148148,0.5238095238095238,0.6376811594202898,0.9967153858242968,0.7655507436390627,0.005742281615793217
feature_probe_existing,1,0.4999999999999998,0.9915364583333334,0.8076923076923077,0.5,0.6176470588235294,0.9967153858242968,0.7655507436390627,0.005742281615793217
feature_probe_existing,1,0.5099999999999998,0.9912109375,0.8,0.47619047619047616,0.5970149253731343,0.9967153858242968,0.7655507436390627,0.005742281615793217
feature_probe_existing,1,0.5199999999999998,0.9912109375,0.8,0.47619047619047616,0.5970149253731343,0.9967153858242968,0.7655507436390627,0.005742281615793217
feature_probe_existing,1,0.5299999999999998,0.9912109375,0.8,0.47619047619047616,0.5970149253731343,0.9967153858242968,0.7655507436390627,0.005742281615793217
feature_probe_existing,1,0.5399999999999998,0.9912109375,0.8,0.47619047619047616,0.5970149253731343,0.9967153858242968,0.7655507436390627,0.005742281615793217
feature_probe_existing,1,0.5499999999999998,0.9912109375,0.8,0.47619047619047616,0.5970149253731343,0.9967153858242968,0.7655507436390627,0.005742281615793217
feature_probe_existing,1,0.5599999999999997,0.9912109375,0.8260869565217391,0.4523809523809524,0.5846153846153846,0.9967153858242968,0.7655507436390627,0.005742281615793217
feature_probe_existing,1,0.5699999999999997,0.9912109375,0.8260869565217391,0.4523809523809524,0.5846153846153846,0.9967153858242968,0.7655507436390627,0.005742281615793217
feature_probe_existing,1,0.5799999999999997,0.9908854166666666,0.8181818181818182,0.42857142857142855,0.5625,0.9967153858242968,0.7655507436390627,0.005742281615793217
feature_probe_existing,1,0.5899999999999997,0.9908854166666666,0.8181818181818182,0.42857142857142855,0.5625,0.9967153858242968,0.7655507436390627,0.005742281615793217
feature_probe_existing,1,0.5999999999999998,0.9908854166666666,0.8181818181818182,0.42857142857142855,0.5625,0.9967153858242968,0.7655507436390627,0.005742281615793217
feature_probe_existing,1,0.6099999999999998,0.9908854166666666,0.85,0.40476190476190477,0.5483870967741935,0.9967153858242968,0.7655507436390627,0.005742281615793217
feature_probe_existing,1,0.6199999999999998,0.9908854166666666,0.85,0.40476190476190477,0.5483870967741935,0.9967153858242968,0.7655507436390627,0.005742281615793217
feature_probe_existing,1,0.6299999999999997,0.9908854166666666,0.85,0.40476190476190477,0.5483870967741935,0.9967153858242968,0.7655507436390627,0.005742281615793217
feature_probe_existing,1,0.6399999999999997,0.9908854166666666,0.85,0.40476190476190477,0.5483870967741935,0.9967153858242968,0.7655507436390627,0.005742281615793217
feature_probe_existing,1,0.6499999999999997,0.9905598958333334,0.8421052631578947,0.38095238095238093,0.5245901639344263,0.9967153858242968,0.7655507436390627,0.005742281615793217
feature_probe_existing,1,0.6599999999999997,0.990234375,0.8333333333333334,0.35714285714285715,0.5,0.9967153858242968,0.7655507436390627,0.005742281615793217
feature_probe_existing,1,0.6699999999999997,0.9895833333333334,0.8125,0.30952380952380953,0.4482758620689655,0.9967153858242968,0.7655507436390627,0.005742281615793217
feature_probe_existing,1,0.6799999999999997,0.9892578125,0.8,0.2857142857142857,0.42105263157894735,0.9967153858242968,0.7655507436390627,0.005742281615793217
feature_probe_existing,1,0.6899999999999997,0.9889322916666666,0.7857142857142857,0.2619047619047619,0.39285714285714285,0.9967153858242968,0.7655507436390627,0.005742281615793217
feature_probe_existing,1,0.6999999999999996,0.9886067708333334,0.7692307692307693,0.23809523809523808,0.36363636363636365,0.9967153858242968,0.7655507436390627,0.005742281615793217
feature_probe_existing,1,0.7099999999999996,0.98828125,0.75,0.21428571428571427,0.3333333333333333,0.9967153858242968,0.7655507436390627,0.005742281615793217
feature_probe_existing,1,0.7199999999999996,0.98828125,0.75,0.21428571428571427,0.3333333333333333,0.9967153858242968,0.7655507436390627,0.005742281615793217
feature_probe_existing,1,0.7299999999999996,0.98828125,0.75,0.21428571428571427,0.3333333333333333,0.9967153858242968,0.7655507436390627,0.005742281615793217
feature_probe_existing,1,0.7399999999999997,0.9879557291666666,0.7272727272727273,0.19047619047619047,0.3018867924528302,0.9967153858242968,0.7655507436390627,0.005742281615793217
feature_probe_existing,1,0.7499999999999997,0.98828125,0.8,0.19047619047619047,0.3076923076923077,0.9967153858242968,0.7655507436390627,0.005742281615793217
feature_probe_existing,1,0.7599999999999997,0.9879557291666666,0.7777777777777778,0.16666666666666666,0.27450980392156865,0.9967153858242968,0.7655507436390627,0.005742281615793217
feature_probe_existing,1,0.7699999999999997,0.9876302083333334,0.75,0.14285714285714285,0.24,0.9967153858242968,0.7655507436390627,0.005742281615793217
feature_probe_existing,1,0.7799999999999997,0.9876302083333334,0.75,0.14285714285714285,0.24,0.9967153858242968,0.7655507436390627,0.005742281615793217
feature_probe_existing,1,0.7899999999999996,0.9876302083333334,0.8333333333333334,0.11904761904761904,0.20833333333333334,0.9967153858242968,0.7655507436390627,0.005742281615793217
feature_probe_existing,1,0.7999999999999996,0.9876302083333334,0.8333333333333334,0.11904761904761904,0.20833333333333334,0.9967153858242968,0.7655507436390627,0.005742281615793217
feature_probe_existing,1,0.8099999999999996,0.9873046875,0.8,0.09523809523809523,0.1702127659574468,0.9967153858242968,0.7655507436390627,0.005742281615793217
feature_probe_existing,1,0.8199999999999996,0.9873046875,0.8,0.09523809523809523,0.1702127659574468,0.9967153858242968,0.7655507436390627,0.005742281615793217
feature_probe_existing,1,0.8299999999999996,0.9876302083333334,1.0,0.09523809523809523,0.17391304347826086,0.9967153858242968,0.7655507436390627,0.005742281615793217
feature_probe_existing,1,0.8399999999999996,0.9873046875,1.0,0.07142857142857142,0.13333333333333333,0.9967153858242968,0.7655507436390627,0.005742281615793217
feature_probe_existing,1,0.8499999999999996,0.9869791666666666,1.0,0.047619047619047616,0.09090909090909091,0.9967153858242968,0.7655507436390627,0.005742281615793217
feature_probe_existing,1,0.8599999999999995,0.9866536458333334,1.0,0.023809523809523808,0.046511627906976744,0.9967153858242968,0.7655507436390627,0.005742281615793217
feature_probe_existing,1,0.8699999999999996,0.9866536458333334,1.0,0.023809523809523808,0.046511627906976744,0.9967153858242968,0.7655507436390627,0.005742281615793217
feature_probe_existing,1,0.8799999999999996,0.9866536458333334,1.0,0.023809523809523808,0.046511627906976744,0.9967153858242968,0.7655507436390627,0.005742281615793217
feature_probe_existing,1,0.8899999999999996,0.9866536458333334,1.0,0.023809523809523808,0.046511627906976744,0.9967153858242968,0.7655507436390627,0.005742281615793217
feature_probe_existing,1,0.8999999999999996,0.9866536458333334,1.0,0.023809523809523808,0.046511627906976744,0.9967153858242968,0.7655507436390627,0.005742281615793217
feature_probe_existing,2,0.1,0.9824027072758037,0.5,0.7307692307692307,0.59375,0.9888179337025358,0.7376011902286215,0.008884308696466293
feature_probe_existing,2,0.11,0.9840947546531302,0.5352112676056338,0.7307692307692307,0.6178861788617886,0.9888179337025358,0.7376011902286215,0.008884308696466293
feature_probe_existing,2,0.12,0.9847715736040609,0.5507246376811594,0.7307692307692307,0.628099173553719,0.9888179337025358,0.7376011902286215,0.008884308696466293
feature_probe_existing,2,0.13,0.9861252115059221,0.5846153846153846,0.7307692307692307,0.6495726495726496,0.9888179337025358,0.7376011902286215,0.008884308696466293
feature_probe_existing,2,0.13999999999999999,0.9864636209813875,0.59375,0.7307692307692307,0.6551724137931034,0.9888179337025358,0.7376011902286215,0.008884308696466293
feature_probe_existing,2,0.14999999999999997,0.9868020304568528,0.6065573770491803,0.7115384615384616,0.6548672566371682,0.9888179337025358,0.7376011902286215,0.008884308696466293
feature_probe_existing,2,0.15999999999999998,0.988155668358714,0.6491228070175439,0.7115384615384616,0.6788990825688074,0.9888179337025358,0.7376011902286215,0.008884308696466293
feature_probe_existing,2,0.16999999999999998,0.988155668358714,0.6491228070175439,0.7115384615384616,0.6788990825688074,0.9888179337025358,0.7376011902286215,0.008884308696466293
feature_probe_existing,2,0.17999999999999997,0.9895093062605753,0.6981132075471698,0.7115384615384616,0.7047619047619048,0.9888179337025358,0.7376011902286215,0.008884308696466293
feature_probe_existing,2,0.18999999999999995,0.9895093062605753,0.6981132075471698,0.7115384615384616,0.7047619047619048,0.9888179337025358,0.7376011902286215,0.008884308696466293
feature_probe_existing,2,0.19999999999999996,0.9898477157360406,0.7115384615384616,0.7115384615384616,0.7115384615384616,0.9888179337025358,0.7376011902286215,0.008884308696466293
feature_probe_existing,2,0.20999999999999996,0.9905245346869712,0.74,0.7115384615384616,0.7254901960784313,0.9888179337025358,0.7376011902286215,0.008884308696466293
feature_probe_existing,2,0.21999999999999995,0.9905245346869712,0.74,0.7115384615384616,0.7254901960784313,0.9888179337025358,0.7376011902286215,0.008884308696466293
feature_probe_existing,2,0.22999999999999995,0.990186125211506,0.7346938775510204,0.6923076923076923,0.7128712871287128,0.9888179337025358,0.7376011902286215,0.008884308696466293
feature_probe_existing,2,0.23999999999999994,0.9895093062605753,0.723404255319149,0.6538461538461539,0.6868686868686869,0.9888179337025358,0.7376011902286215,0.008884308696466293
feature_probe_existing,2,0.24999999999999992,0.9891708967851099,0.717391304347826,0.6346153846153846,0.673469387755102,0.9888179337025358,0.7376011902286215,0.008884308696466293
feature_probe_existing,2,0.2599999999999999,0.9891708967851099,0.717391304347826,0.6346153846153846,0.673469387755102,0.9888179337025358,0.7376011902286215,0.008884308696466293
feature_probe_existing,2,0.2699999999999999,0.9891708967851099,0.7272727272727273,0.6153846153846154,0.6666666666666666,0.9888179337025358,0.7376011902286215,0.008884308696466293
feature_probe_existing,2,0.2799999999999999,0.9895093062605753,0.7441860465116279,0.6153846153846154,0.6736842105263158,0.9888179337025358,0.7376011902286215,0.008884308696466293
feature_probe_existing,2,0.2899999999999999,0.9898477157360406,0.7619047619047619,0.6153846153846154,0.6808510638297872,0.9888179337025358,0.7376011902286215,0.008884308696466293
feature_probe_existing,2,0.29999999999999993,0.9898477157360406,0.7619047619047619,0.6153846153846154,0.6808510638297872,0.9888179337025358,0.7376011902286215,0.008884308696466293
feature_probe_existing,2,0.30999999999999994,0.9898477157360406,0.7619047619047619,0.6153846153846154,0.6808510638297872,0.9888179337025358,0.7376011902286215,0.008884308696466293
feature_probe_existing,2,0.3199999999999999,0.9898477157360406,0.775,0.5961538461538461,0.6739130434782609,0.9888179337025358,0.7376011902286215,0.008884308696466293
feature_probe_existing,2,0.32999999999999985,0.9895093062605753,0.7692307692307693,0.5769230769230769,0.6593406593406593,0.9888179337025358,0.7376011902286215,0.008884308696466293
feature_probe_existing,2,0.33999999999999986,0.9891708967851099,0.7631578947368421,0.5576923076923077,0.6444444444444445,0.9888179337025358,0.7376011902286215,0.008884308696466293
feature_probe_existing,2,0.34999999999999987,0.9884940778341793,0.75,0.5192307692307693,0.6136363636363636,0.9888179337025358,0.7376011902286215,0.008884308696466293
feature_probe_existing,2,0.3599999999999999,0.9891708967851099,0.7941176470588235,0.5192307692307693,0.627906976744186,0.9888179337025358,0.7376011902286215,0.008884308696466293
feature_probe_existing,2,0.3699999999999999,0.9888324873096447,0.7878787878787878,0.5,0.611764705882353,0.9888179337025358,0.7376011902286215,0.008884308696466293
feature_probe_existing,2,0.3799999999999999,0.9888324873096447,0.7878787878787878,0.5,0.611764705882353,0.9888179337025358,0.7376011902286215,0.008884308696466293
feature_probe_existing,2,0.3899999999999999,0.9895093062605753,0.8387096774193549,0.5,0.6265060240963856,0.9888179337025358,0.7376011902286215,0.008884308696466293
feature_probe_existing,2,0.3999999999999998,0.9895093062605753,0.8387096774193549,0.5,0.6265060240963856,0.9888179337025358,0.7376011902286215,0.008884308696466293
feature_probe_existing,2,0.4099999999999998,0.9895093062605753,0.8387096774193549,0.5,0.6265060240963856,0.9888179337025358,0.7376011902286215,0.008884308696466293
feature_probe_existing,2,0.4199999999999998,0.9898477157360406,0.8666666666666667,0.5,0.6341463414634146,0.9888179337025358,0.7376011902286215,0.008884308696466293
feature_probe_existing,2,0.4299999999999998,0.9895093062605753,0.8620689655172413,0.4807692307692308,0.6172839506172839,0.9888179337025358,0.7376011902286215,0.008884308696466293
feature_probe_existing,2,0.43999999999999984,0.9888324873096447,0.8518518518518519,0.4423076923076923,0.5822784810126582,0.9888179337025358,0.7376011902286215,0.008884308696466293
feature_probe_existing,2,0.44999999999999984,0.9888324873096447,0.8518518518518519,0.4423076923076923,0.5822784810126582,0.9888179337025358,0.7376011902286215,0.008884308696466293
feature_probe_existing,2,0.45999999999999985,0.9888324873096447,0.88,0.4230769230769231,0.5714285714285714,0.9888179337025358,0.7376011902286215,0.008884308696466293
feature_probe_existing,2,0.46999999999999986,0.9888324873096447,0.88,0.4230769230769231,0.5714285714285714,0.9888179337025358,0.7376011902286215,0.008884308696466293
feature_probe_existing,2,0.47999999999999976,0.9884940778341793,0.875,0.40384615384615385,0.5526315789473685,0.9888179337025358,0.7376011902286215,0.008884308696466293
feature_probe_existing,2,0.48999999999999977,0.988155668358714,0.8695652173913043,0.38461538461538464,0.5333333333333333,0.9888179337025358,0.7376011902286215,0.008884308696466293
feature_probe_existing,2,0.4999999999999998,0.988155668358714,0.8695652173913043,0.38461538461538464,0.5333333333333333,0.9888179337025358,0.7376011902286215,0.008884308696466293
feature_probe_existing,2,0.5099999999999998,0.9878172588832488,0.8636363636363636,0.36538461538461536,0.5135135135135135,0.9888179337025358,0.7376011902286215,0.008884308696466293
feature_probe_existing,2,0.5199999999999998,0.988155668358714,0.9047619047619048,0.36538461538461536,0.5205479452054794,0.9888179337025358,0.7376011902286215,0.008884308696466293
feature_probe_existing,2,0.5299999999999998,0.988155668358714,0.9047619047619048,0.36538461538461536,0.5205479452054794,0.9888179337025358,0.7376011902286215,0.008884308696466293
feature_probe_existing,2,0.5399999999999998,0.988155668358714,0.9047619047619048,0.36538461538461536,0.5205479452054794,0.9888179337025358,0.7376011902286215,0.008884308696466293
feature_probe_existing,2,0.5499999999999998,0.9878172588832488,0.9,0.34615384615384615,0.5,0.9888179337025358,0.7376011902286215,0.008884308696466293
feature_probe_existing,2,0.5599999999999997,0.9871404399323181,0.8888888888888888,0.3076923076923077,0.45714285714285713,0.9888179337025358,0.7376011902286215,0.008884308696466293
feature_probe_existing,2,0.5699999999999997,0.9871404399323181,0.8888888888888888,0.3076923076923077,0.45714285714285713,0.9888179337025358,0.7376011902286215,0.008884308696466293
feature_probe_existing,2,0.5799999999999997,0.9868020304568528,0.8823529411764706,0.28846153846153844,0.43478260869565216,0.9888179337025358,0.7376011902286215,0.008884308696466293
feature_probe_existing,2,0.5899999999999997,0.9868020304568528,0.8823529411764706,0.28846153846153844,0.43478260869565216,0.9888179337025358,0.7376011902286215,0.008884308696466293
feature_probe_existing,2,0.5999999999999998,0.9871404399323181,0.9375,0.28846153846153844,0.4411764705882353,0.9888179337025358,0.7376011902286215,0.008884308696466293
feature_probe_existing,2,0.6099999999999998,0.9864636209813875,0.9285714285714286,0.25,0.3939393939393939,0.9888179337025358,0.7376011902286215,0.008884308696466293
feature_probe_existing,2,0.6199999999999998,0.9864636209813875,0.9285714285714286,0.25,0.3939393939393939,0.9888179337025358,0.7376011902286215,0.008884308696466293
feature_probe_existing,2,0.6299999999999997,0.9868020304568528,1.0,0.25,0.4,0.9888179337025358,0.7376011902286215,0.008884308696466293
feature_probe_existing,2,0.6399999999999997,0.9868020304568528,1.0,0.25,0.4,0.9888179337025358,0.7376011902286215,0.008884308696466293
feature_probe_existing,2,0.6499999999999997,0.9868020304568528,1.0,0.25,0.4,0.9888179337025358,0.7376011902286215,0.008884308696466293
feature_probe_existing,2,0.6599999999999997,0.9864636209813875,1.0,0.23076923076923078,0.375,0.9888179337025358,0.7376011902286215,0.008884308696466293
feature_probe_existing,2,0.6699999999999997,0.9861252115059221,1.0,0.21153846153846154,0.3492063492063492,0.9888179337025358,0.7376011902286215,0.008884308696466293
feature_probe_existing,2,0.6799999999999997,0.9861252115059221,1.0,0.21153846153846154,0.3492063492063492,0.9888179337025358,0.7376011902286215,0.008884308696466293
feature_probe_existing,2,0.6899999999999997,0.9854483925549915,1.0,0.17307692307692307,0.29508196721311475,0.9888179337025358,0.7376011902286215,0.008884308696466293
feature_probe_existing,2,0.6999999999999996,0.9851099830795262,1.0,0.15384615384615385,0.26666666666666666,0.9888179337025358,0.7376011902286215,0.008884308696466293
feature_probe_existing,2,0.7099999999999996,0.9851099830795262,1.0,0.15384615384615385,0.26666666666666666,0.9888179337025358,0.7376011902286215,0.008884308696466293
feature_probe_existing,2,0.7199999999999996,0.9847715736040609,1.0,0.1346153846153846,0.23728813559322035,0.9888179337025358,0.7376011902286215,0.008884308696466293
feature_probe_existing,2,0.7299999999999996,0.9847715736040609,1.0,0.1346153846153846,0.23728813559322035,0.9888179337025358,0.7376011902286215,0.008884308696466293
feature_probe_existing,2,0.7399999999999997,0.983756345177665,1.0,0.07692307692307693,0.14285714285714285,0.9888179337025358,0.7376011902286215,0.008884308696466293
feature_probe_existing,2,0.7499999999999997,0.9834179357021997,1.0,0.057692307692307696,0.10909090909090909,0.9888179337025358,0.7376011902286215,0.008884308696466293
feature_probe_existing,2,0.7599999999999997,0.9834179357021997,1.0,0.057692307692307696,0.10909090909090909,0.9888179337025358,0.7376011902286215,0.008884308696466293
feature_probe_existing,2,0.7699999999999997,0.9834179357021997,1.0,0.057692307692307696,0.10909090909090909,0.9888179337025358,0.7376011902286215,0.008884308696466293
feature_probe_existing,2,0.7799999999999997,0.9834179357021997,1.0,0.057692307692307696,0.10909090909090909,0.9888179337025358,0.7376011902286215,0.008884308696466293
feature_probe_existing,2,0.7899999999999996,0.9834179357021997,1.0,0.057692307692307696,0.10909090909090909,0.9888179337025358,0.7376011902286215,0.008884308696466293
feature_probe_existing,2,0.7999999999999996,0.9830795262267343,1.0,0.038461538461538464,0.07407407407407407,0.9888179337025358,0.7376011902286215,0.008884308696466293
feature_probe_existing,2,0.8099999999999996,0.9830795262267343,1.0,0.038461538461538464,0.07407407407407407,0.9888179337025358,0.7376011902286215,0.008884308696466293
feature_probe_existing,2,0.8199999999999996,0.9830795262267343,1.0,0.038461538461538464,0.07407407407407407,0.9888179337025358,0.7376011902286215,0.008884308696466293
feature_probe_existing,2,0.8299999999999996,0.9830795262267343,1.0,0.038461538461538464,0.07407407407407407,0.9888179337025358,0.7376011902286215,0.008884308696466293
feature_probe_existing,2,0.8399999999999996,0.9830795262267343,1.0,0.038461538461538464,0.07407407407407407,0.9888179337025358,0.7376011902286215,0.008884308696466293
feature_probe_existing,2,0.8499999999999996,0.9824027072758037,0.0,0.0,0.0,0.9888179337025358,0.7376011902286215,0.008884308696466293
feature_probe_existing,2,0.8599999999999995,0.9824027072758037,0.0,0.0,0.0,0.9888179337025358,0.7376011902286215,0.008884308696466293
feature_probe_existing,2,0.8699999999999996,0.9824027072758037,0.0,0.0,0.0,0.9888179337025358,0.7376011902286215,0.008884308696466293
feature_probe_existing,2,0.8799999999999996,0.9824027072758037,0.0,0.0,0.0,0.9888179337025358,0.7376011902286215,0.008884308696466293
feature_probe_existing,2,0.8899999999999996,0.9824027072758037,0.0,0.0,0.0,0.9888179337025358,0.7376011902286215,0.008884308696466293
feature_probe_existing,2,0.8999999999999996,0.9824027072758037,0.0,0.0,0.0,0.9888179337025358,0.7376011902286215,0.008884308696466293
feature_probe_existing,3,0.1,0.9760609357997824,0.5031847133757962,0.8876404494382022,0.6422764227642277,0.9929552096678705,0.7894736377961277,0.011018375030132288
feature_probe_existing,3,0.11,0.9763329706202394,0.5064102564102564,0.8876404494382022,0.6448979591836734,0.9929552096678705,0.7894736377961277,0.011018375030132288
feature_probe_existing,3,0.12,0.9779651795429815,0.5266666666666666,0.8876404494382022,0.6610878661087866,0.9929552096678705,0.7894736377961277,0.011018375030132288
feature_probe_existing,3,0.13,0.9798694232861807,0.5539568345323741,0.8651685393258427,0.6754385964912281,0.9929552096678705,0.7894736377961277,0.011018375030132288
feature_probe_existing,3,0.13999999999999999,0.9812295973884657,0.5746268656716418,0.8651685393258427,0.6905829596412556,0.9929552096678705,0.7894736377961277,0.011018375030132288
feature_probe_existing,3,0.14999999999999997,0.9817736670293797,0.5859375,0.8426966292134831,0.6912442396313364,0.9929552096678705,0.7894736377961277,0.011018375030132288
feature_probe_existing,3,0.15999999999999998,0.9817736670293797,0.5873015873015873,0.8314606741573034,0.6883720930232559,0.9929552096678705,0.7894736377961277,0.011018375030132288
feature_probe_existing,3,0.16999999999999998,0.9831338411316648,0.6115702479338843,0.8314606741573034,0.7047619047619048,0.9929552096678705,0.7894736377961277,0.011018375030132288
feature_probe_existing,3,0.17999999999999997,0.9836779107725789,0.6260869565217392,0.8089887640449438,0.7058823529411765,0.9929552096678705,0.7894736377961277,0.011018375030132288
feature_probe_existing,3,0.18999999999999995,0.9831338411316648,0.6194690265486725,0.7865168539325843,0.693069306930693,0.9929552096678705,0.7894736377961277,0.011018375030132288
feature_probe_existing,3,0.19999999999999996,0.9834058759521219,0.6296296296296297,0.7640449438202247,0.6903553299492385,0.9929552096678705,0.7894736377961277,0.011018375030132288
feature_probe_existing,3,0.20999999999999996,0.98449401523395,0.6568627450980392,0.7528089887640449,0.7015706806282722,0.9929552096678705,0.7894736377961277,0.011018375030132288
feature_probe_existing,3,0.21999999999999995,0.985038084874864,0.67,0.7528089887640449,0.708994708994709,0.9929552096678705,0.7894736377961277,0.011018375030132288
feature_probe_existing,3,0.22999999999999995,0.984766050054407,0.6666666666666666,0.7415730337078652,0.7021276595744681,0.9929552096678705,0.7894736377961277,0.011018375030132288
feature_probe_existing,3,0.23999999999999994,0.985310119695321,0.6842105263157895,0.7303370786516854,0.7065217391304348,0.9929552096678705,0.7894736377961277,0.011018375030132288
feature_probe_existing,3,0.24999999999999992,0.985582154515778,0.6914893617021277,0.7303370786516854,0.7103825136612022,0.9929552096678705,0.7894736377961277,0.011018375030132288
feature_probe_existing,3,0.2599999999999999,0.985854189336235,0.6989247311827957,0.7303370786516854,0.7142857142857143,0.9929552096678705,0.7894736377961277,0.011018375030132288
feature_probe_existing,3,0.2699999999999999,0.985854189336235,0.7032967032967034,0.7191011235955056,0.7111111111111111,0.9929552096678705,0.7894736377961277,0.011018375030132288
feature_probe_existing,3,0.2799999999999999,0.985310119695321,0.7011494252873564,0.6853932584269663,0.6931818181818182,0.9929552096678705,0.7894736377961277,0.011018375030132288
feature_probe_existing,3,0.2899999999999999,0.985582154515778,0.7093023255813954,0.6853932584269663,0.6971428571428572,0.9929552096678705,0.7894736377961277,0.011018375030132288
feature_probe_existing,3,0.29999999999999993,0.985582154515778,0.7142857142857143,0.6741573033707865,0.6936416184971098,0.9929552096678705,0.7894736377961277,0.011018375030132288
feature_probe_existing,3,0.30999999999999994,0.985582154515778,0.7432432432432432,0.6179775280898876,0.6748466257668712,0.9929552096678705,0.7894736377961277,0.011018375030132288
feature_probe_existing,3,0.3199999999999999,0.985310119695321,0.7464788732394366,0.5955056179775281,0.6625,0.9929552096678705,0.7894736377961277,0.011018375030132288
feature_probe_existing,3,0.32999999999999985,0.985854189336235,0.7681159420289855,0.5955056179775281,0.6708860759493671,0.9929552096678705,0.7894736377961277,0.011018375030132288
feature_probe_existing,3,0.33999999999999986,0.986126224156692,0.7878787878787878,0.5842696629213483,0.6709677419354839,0.9929552096678705,0.7894736377961277,0.011018375030132288
feature_probe_existing,3,0.34999999999999987,0.985854189336235,0.7936507936507936,0.5617977528089888,0.6578947368421053,0.9929552096678705,0.7894736377961277,0.011018375030132288
feature_probe_existing,3,0.3599999999999999,0.985854189336235,0.8032786885245902,0.550561797752809,0.6533333333333333,0.9929552096678705,0.7894736377961277,0.011018375030132288
feature_probe_existing,3,0.3699999999999999,0.985310119695321,0.7966101694915254,0.5280898876404494,0.6351351351351351,0.9929552096678705,0.7894736377961277,0.011018375030132288
feature_probe_existing,3,0.3799999999999999,0.985582154515778,0.8103448275862069,0.5280898876404494,0.6394557823129252,0.9929552096678705,0.7894736377961277,0.011018375030132288
feature_probe_existing,3,0.3899999999999999,0.985310119695321,0.8070175438596491,0.5168539325842697,0.6301369863013698,0.9929552096678705,0.7894736377961277,0.011018375030132288
feature_probe_existing,3,0.3999999999999998,0.985310119695321,0.8181818181818182,0.5056179775280899,0.625,0.9929552096678705,0.7894736377961277,0.011018375030132288
feature_probe_existing,3,0.4099999999999998,0.985310119695321,0.8181818181818182,0.5056179775280899,0.625,0.9929552096678705,0.7894736377961277,0.011018375030132288
feature_probe_existing,3,0.4199999999999998,0.985310119695321,0.8181818181818182,0.5056179775280899,0.625,0.9929552096678705,0.7894736377961277,0.011018375030132288
feature_probe_existing,3,0.4299999999999998,0.985038084874864,0.8148148148148148,0.4943820224719101,0.6153846153846154,0.9929552096678705,0.7894736377961277,0.011018375030132288
feature_probe_existing,3,0.43999999999999984,0.984766050054407,0.8113207547169812,0.48314606741573035,0.6056338028169014,0.9929552096678705,0.7894736377961277,0.011018375030132288
feature_probe_existing,3,0.44999999999999984,0.98449401523395,0.8076923076923077,0.47191011235955055,0.5957446808510638,0.9929552096678705,0.7894736377961277,0.011018375030132288
feature_probe_existing,3,0.45999999999999985,0.984221980413493,0.803921568627451,0.4606741573033708,0.5857142857142857,0.9929552096678705,0.7894736377961277,0.011018375030132288
feature_probe_existing,3,0.46999999999999986,0.983949945593036,0.8125,0.43820224719101125,0.5693430656934306,0.9929552096678705,0.7894736377961277,0.011018375030132288
feature_probe_existing,3,0.47999999999999976,0.984221980413493,0.8297872340425532,0.43820224719101125,0.5735294117647058,0.9929552096678705,0.7894736377961277,0.011018375030132288
feature_probe_existing,3,0.48999999999999977,0.98449401523395,0.8478260869565217,0.43820224719101125,0.5777777777777777,0.9929552096678705,0.7894736377961277,0.011018375030132288
feature_probe_existing,3,0.4999999999999998,0.983949945593036,0.8409090909090909,0.4157303370786517,0.556390977443609,0.9929552096678705,0.7894736377961277,0.011018375030132288
feature_probe_existing,3,0.5099999999999998,0.984221980413493,0.8604651162790697,0.4157303370786517,0.5606060606060606,0.9929552096678705,0.7894736377961277,0.011018375030132288
feature_probe_existing,3,0.5199999999999998,0.984766050054407,0.9024390243902439,0.4157303370786517,0.5692307692307692,0.9929552096678705,0.7894736377961277,0.011018375030132288
feature_probe_existing,3,0.5299999999999998,0.984221980413493,0.8974358974358975,0.39325842696629215,0.546875,0.9929552096678705,0.7894736377961277,0.011018375030132288
feature_probe_existing,3,0.5399999999999998,0.983949945593036,0.9166666666666666,0.3707865168539326,0.528,0.9929552096678705,0.7894736377961277,0.011018375030132288
feature_probe_existing,3,0.5499999999999998,0.9834058759521219,0.9375,0.33707865168539325,0.49586776859504134,0.9929552096678705,0.7894736377961277,0.011018375030132288
feature_probe_existing,3,0.5599999999999997,0.9831338411316648,0.9354838709677419,0.3258426966292135,0.48333333333333334,0.9929552096678705,0.7894736377961277,0.011018375030132288
feature_probe_existing,3,0.5699999999999997,0.9828618063112078,0.9642857142857143,0.30337078651685395,0.46153846153846156,0.9929552096678705,0.7894736377961277,0.011018375030132288
feature_probe_existing,3,0.5799999999999997,0.9823177366702938,0.9615384615384616,0.2808988764044944,0.43478260869565216,0.9929552096678705,0.7894736377961277,0.011018375030132288
feature_probe_existing,3,0.5899999999999997,0.9817736670293797,0.9583333333333334,0.25842696629213485,0.40707964601769914,0.9929552096678705,0.7894736377961277,0.011018375030132288
feature_probe_existing,3,0.5999999999999998,0.9815016322089227,0.9565217391304348,0.24719101123595505,0.39285714285714285,0.9929552096678705,0.7894736377961277,0.011018375030132288
feature_probe_existing,3,0.6099999999999998,0.9815016322089227,0.9565217391304348,0.24719101123595505,0.39285714285714285,0.9929552096678705,0.7894736377961277,0.011018375030132288
feature_probe_existing,3,0.6199999999999998,0.9812295973884657,0.9545454545454546,0.23595505617977527,0.3783783783783784,0.9929552096678705,0.7894736377961277,0.011018375030132288
feature_probe_existing,3,0.6299999999999997,0.9812295973884657,0.9545454545454546,0.23595505617977527,0.3783783783783784,0.9929552096678705,0.7894736377961277,0.011018375030132288
feature_probe_existing,3,0.6399999999999997,0.9809575625680087,0.9523809523809523,0.2247191011235955,0.36363636363636365,0.9929552096678705,0.7894736377961277,0.011018375030132288
feature_probe_existing,3,0.6499999999999997,0.9806855277475517,0.95,0.21348314606741572,0.3486238532110092,0.9929552096678705,0.7894736377961277,0.011018375030132288
feature_probe_existing,3,0.6599999999999997,0.9806855277475517,0.95,0.21348314606741572,0.3486238532110092,0.9929552096678705,0.7894736377961277,0.011018375030132288
feature_probe_existing,3,0.6699999999999997,0.9806855277475517,0.95,0.21348314606741572,0.3486238532110092,0.9929552096678705,0.7894736377961277,0.011018375030132288
feature_probe_existing,3,0.6799999999999997,0.9804134929270947,0.9473684210526315,0.20224719101123595,0.3333333333333333,0.9929552096678705,0.7894736377961277,0.011018375030132288
feature_probe_existing,3,0.6899999999999997,0.9801414581066377,0.9444444444444444,0.19101123595505617,0.3177570093457944,0.9929552096678705,0.7894736377961277,0.011018375030132288
feature_probe_existing,3,0.6999999999999996,0.9798694232861807,0.9411764705882353,0.1797752808988764,0.3018867924528302,0.9929552096678705,0.7894736377961277,0.011018375030132288
feature_probe_existing,3,0.7099999999999996,0.9795973884657236,0.9375,0.16853932584269662,0.2857142857142857,0.9929552096678705,0.7894736377961277,0.011018375030132288
feature_probe_existing,3,0.7199999999999996,0.9793253536452666,0.9333333333333333,0.15730337078651685,0.2692307692307692,0.9929552096678705,0.7894736377961277,0.011018375030132288
feature_probe_existing,3,0.7299999999999996,0.9795973884657236,1.0,0.15730337078651685,0.27184466019417475,0.9929552096678705,0.7894736377961277,0.011018375030132288
feature_probe_existing,3,0.7399999999999997,0.9795973884657236,1.0,0.15730337078651685,0.27184466019417475,0.9929552096678705,0.7894736377961277,0.011018375030132288
feature_probe_existing,3,0.7499999999999997,0.9793253536452666,1.0,0.14606741573033707,0.2549019607843137,0.9929552096678705,0.7894736377961277,0.011018375030132288
feature_probe_existing,3,0.7599999999999997,0.9793253536452666,1.0,0.14606741573033707,0.2549019607843137,0.9929552096678705,0.7894736377961277,0.011018375030132288
feature_probe_existing,3,0.7699999999999997,0.9793253536452666,1.0,0.14606741573033707,0.2549019607843137,0.9929552096678705,0.7894736377961277,0.011018375030132288
feature_probe_existing,3,0.7799999999999997,0.9793253536452666,1.0,0.14606741573033707,0.2549019607843137,0.9929552096678705,0.7894736377961277,0.011018375030132288
feature_probe_existing,3,0.7899999999999996,0.9793253536452666,1.0,0.14606741573033707,0.2549019607843137,0.9929552096678705,0.7894736377961277,0.011018375030132288
feature_probe_existing,3,0.7999999999999996,0.9790533188248096,1.0,0.1348314606741573,0.2376237623762376,0.9929552096678705,0.7894736377961277,0.011018375030132288
feature_probe_existing,3,0.8099999999999996,0.9782372143634385,1.0,0.10112359550561797,0.1836734693877551,0.9929552096678705,0.7894736377961277,0.011018375030132288
feature_probe_existing,3,0.8199999999999996,0.9779651795429815,1.0,0.0898876404494382,0.16494845360824742,0.9929552096678705,0.7894736377961277,0.011018375030132288
feature_probe_existing,3,0.8299999999999996,0.9776931447225244,1.0,0.07865168539325842,0.14583333333333334,0.9929552096678705,0.7894736377961277,0.011018375030132288
feature_probe_existing,3,0.8399999999999996,0.9776931447225244,1.0,0.07865168539325842,0.14583333333333334,0.9929552096678705,0.7894736377961277,0.011018375030132288
feature_probe_existing,3,0.8499999999999996,0.9776931447225244,1.0,0.07865168539325842,0.14583333333333334,0.9929552096678705,0.7894736377961277,0.011018375030132288
feature_probe_existing,3,0.8599999999999995,0.9768770402611534,1.0,0.0449438202247191,0.08602150537634409,0.9929552096678705,0.7894736377961277,0.011018375030132288
feature_probe_existing,3,0.8699999999999996,0.9766050054406964,1.0,0.033707865168539325,0.06521739130434782,0.9929552096678705,0.7894736377961277,0.011018375030132288
feature_probe_existing,3,0.8799999999999996,0.9763329706202394,1.0,0.02247191011235955,0.04395604395604396,0.9929552096678705,0.7894736377961277,0.011018375030132288
feature_probe_existing,3,0.8899999999999996,0.9763329706202394,1.0,0.02247191011235955,0.04395604395604396,0.9929552096678705,0.7894736377961277,0.011018375030132288
feature_probe_existing,3,0.8999999999999996,0.9760609357997824,1.0,0.011235955056179775,0.022222222222222223,0.9929552096678705,0.7894736377961277,0.011018375030132288
feature_probe_distance_changes,1,0.1,0.9830729166666666,0.44565217391304346,0.9761904761904762,0.6119402985074627,0.9966603803237466,0.7544092922591897,0.00557859721721029
feature_probe_distance_changes,1,0.11,0.9847005208333334,0.47126436781609193,0.9761904761904762,0.6356589147286822,0.9966603803237466,0.7544092922591897,0.00557859721721029
feature_probe_distance_changes,1,0.12,0.9853515625,0.4823529411764706,0.9761904761904762,0.6456692913385826,0.9966603803237466,0.7544092922591897,0.00557859721721029
feature_probe_distance_changes,1,0.13,0.986328125,0.5,0.9523809523809523,0.6557377049180327,0.9966603803237466,0.7544092922591897,0.00557859721721029
feature_probe_distance_changes,1,0.13999999999999999,0.986328125,0.5,0.9285714285714286,0.65,0.9966603803237466,0.7544092922591897,0.00557859721721029
feature_probe_distance_changes,1,0.14999999999999997,0.9869791666666666,0.5135135135135135,0.9047619047619048,0.6551724137931034,0.9966603803237466,0.7544092922591897,0.00557859721721029
feature_probe_distance_changes,1,0.15999999999999998,0.9876302083333334,0.5277777777777778,0.9047619047619048,0.6666666666666666,0.9966603803237466,0.7544092922591897,0.00557859721721029
feature_probe_distance_changes,1,0.16999999999999998,0.9876302083333334,0.5285714285714286,0.8809523809523809,0.6607142857142857,0.9966603803237466,0.7544092922591897,0.00557859721721029
feature_probe_distance_changes,1,0.17999999999999997,0.98828125,0.5441176470588235,0.8809523809523809,0.6727272727272727,0.9966603803237466,0.7544092922591897,0.00557859721721029
feature_probe_distance_changes,1,0.18999999999999995,0.98828125,0.5441176470588235,0.8809523809523809,0.6727272727272727,0.9966603803237466,0.7544092922591897,0.00557859721721029
feature_probe_distance_changes,1,0.19999999999999996,0.9889322916666666,0.5606060606060606,0.8809523809523809,0.6851851851851852,0.9966603803237466,0.7544092922591897,0.00557859721721029
feature_probe_distance_changes,1,0.20999999999999996,0.9899088541666666,0.5873015873015873,0.8809523809523809,0.7047619047619048,0.9966603803237466,0.7544092922591897,0.00557859721721029
feature_probe_distance_changes,1,0.21999999999999995,0.9895833333333334,0.5806451612903226,0.8571428571428571,0.6923076923076923,0.9966603803237466,0.7544092922591897,0.00557859721721029
feature_probe_distance_changes,1,0.22999999999999995,0.990234375,0.6,0.8571428571428571,0.7058823529411765,0.9966603803237466,0.7544092922591897,0.00557859721721029
feature_probe_distance_changes,1,0.23999999999999994,0.9905598958333334,0.6101694915254238,0.8571428571428571,0.7128712871287128,0.9966603803237466,0.7544092922591897,0.00557859721721029
feature_probe_distance_changes,1,0.24999999999999992,0.9912109375,0.631578947368421,0.8571428571428571,0.7272727272727273,0.9966603803237466,0.7544092922591897,0.00557859721721029
feature_probe_distance_changes,1,0.2599999999999999,0.9921875,0.6666666666666666,0.8571428571428571,0.75,0.9966603803237466,0.7544092922591897,0.00557859721721029
feature_probe_distance_changes,1,0.2699999999999999,0.9921875,0.6666666666666666,0.8571428571428571,0.75,0.9966603803237466,0.7544092922591897,0.00557859721721029
feature_probe_distance_changes,1,0.2799999999999999,0.9921875,0.6730769230769231,0.8333333333333334,0.7446808510638298,0.9966603803237466,0.7544092922591897,0.00557859721721029
feature_probe_distance_changes,1,0.2899999999999999,0.9921875,0.6730769230769231,0.8333333333333334,0.7446808510638298,0.9966603803237466,0.7544092922591897,0.00557859721721029
feature_probe_distance_changes,1,0.29999999999999993,0.9925130208333334,0.6862745098039216,0.8333333333333334,0.7526881720430108,0.9966603803237466,0.7544092922591897,0.00557859721721029
feature_probe_distance_changes,1,0.30999999999999994,0.9931640625,0.7142857142857143,0.8333333333333334,0.7692307692307693,0.9966603803237466,0.7544092922591897,0.00557859721721029
feature_probe_distance_changes,1,0.3199999999999999,0.9928385416666666,0.717391304347826,0.7857142857142857,0.75,0.9966603803237466,0.7544092922591897,0.00557859721721029
feature_probe_distance_changes,1,0.32999999999999985,0.9928385416666666,0.7272727272727273,0.7619047619047619,0.7441860465116279,0.9966603803237466,0.7544092922591897,0.00557859721721029
feature_probe_distance_changes,1,0.33999999999999986,0.9928385416666666,0.7272727272727273,0.7619047619047619,0.7441860465116279,0.9966603803237466,0.7544092922591897,0.00557859721721029
feature_probe_distance_changes,1,0.34999999999999987,0.9928385416666666,0.7272727272727273,0.7619047619047619,0.7441860465116279,0.9966603803237466,0.7544092922591897,0.00557859721721029
feature_probe_distance_changes,1,0.3599999999999999,0.9925130208333334,0.7317073170731707,0.7142857142857143,0.7228915662650602,0.9966603803237466,0.7544092922591897,0.00557859721721029
feature_probe_distance_changes,1,0.3699999999999999,0.9928385416666666,0.75,0.7142857142857143,0.7317073170731707,0.9966603803237466,0.7544092922591897,0.00557859721721029
feature_probe_distance_changes,1,0.3799999999999999,0.9925130208333334,0.7435897435897436,0.6904761904761905,0.7160493827160493,0.9966603803237466,0.7544092922591897,0.00557859721721029
feature_probe_distance_changes,1,0.3899999999999999,0.9921875,0.7368421052631579,0.6666666666666666,0.7,0.9966603803237466,0.7544092922591897,0.00557859721721029
feature_probe_distance_changes,1,0.3999999999999998,0.9925130208333334,0.7567567567567568,0.6666666666666666,0.7088607594936709,0.9966603803237466,0.7544092922591897,0.00557859721721029
feature_probe_distance_changes,1,0.4099999999999998,0.9934895833333334,0.8235294117647058,0.6666666666666666,0.7368421052631579,0.9966603803237466,0.7544092922591897,0.00557859721721029
feature_probe_distance_changes,1,0.4199999999999998,0.9928385416666666,0.8125,0.6190476190476191,0.7027027027027027,0.9966603803237466,0.7544092922591897,0.00557859721721029
feature_probe_distance_changes,1,0.4299999999999998,0.9928385416666666,0.8125,0.6190476190476191,0.7027027027027027,0.9966603803237466,0.7544092922591897,0.00557859721721029
feature_probe_distance_changes,1,0.43999999999999984,0.9928385416666666,0.8125,0.6190476190476191,0.7027027027027027,0.9966603803237466,0.7544092922591897,0.00557859721721029
feature_probe_distance_changes,1,0.44999999999999984,0.9931640625,0.8387096774193549,0.6190476190476191,0.7123287671232876,0.9966603803237466,0.7544092922591897,0.00557859721721029
feature_probe_distance_changes,1,0.45999999999999985,0.9931640625,0.8387096774193549,0.6190476190476191,0.7123287671232876,0.9966603803237466,0.7544092922591897,0.00557859721721029
feature_probe_distance_changes,1,0.46999999999999986,0.9931640625,0.8387096774193549,0.6190476190476191,0.7123287671232876,0.9966603803237466,0.7544092922591897,0.00557859721721029
feature_probe_distance_changes,1,0.47999999999999976,0.9931640625,0.8387096774193549,0.6190476190476191,0.7123287671232876,0.9966603803237466,0.7544092922591897,0.00557859721721029
feature_probe_distance_changes,1,0.48999999999999977,0.9931640625,0.8387096774193549,0.6190476190476191,0.7123287671232876,0.9966603803237466,0.7544092922591897,0.00557859721721029
feature_probe_distance_changes,1,0.4999999999999998,0.9931640625,0.8387096774193549,0.6190476190476191,0.7123287671232876,0.9966603803237466,0.7544092922591897,0.00557859721721029
feature_probe_distance_changes,1,0.5099999999999998,0.9925130208333334,0.8275862068965517,0.5714285714285714,0.676056338028169,0.9966603803237466,0.7544092922591897,0.00557859721721029
feature_probe_distance_changes,1,0.5199999999999998,0.9921875,0.8214285714285714,0.5476190476190477,0.6571428571428571,0.9966603803237466,0.7544092922591897,0.00557859721721029
feature_probe_distance_changes,1,0.5299999999999998,0.9921875,0.8214285714285714,0.5476190476190477,0.6571428571428571,0.9966603803237466,0.7544092922591897,0.00557859721721029
feature_probe_distance_changes,1,0.5399999999999998,0.9918619791666666,0.8148148148148148,0.5238095238095238,0.6376811594202898,0.9966603803237466,0.7544092922591897,0.00557859721721029
feature_probe_distance_changes,1,0.5499999999999998,0.9915364583333334,0.8076923076923077,0.5,0.6176470588235294,0.9966603803237466,0.7544092922591897,0.00557859721721029
feature_probe_distance_changes,1,0.5599999999999997,0.9915364583333334,0.8076923076923077,0.5,0.6176470588235294,0.9966603803237466,0.7544092922591897,0.00557859721721029
feature_probe_distance_changes,1,0.5699999999999997,0.9918619791666666,0.84,0.5,0.6268656716417911,0.9966603803237466,0.7544092922591897,0.00557859721721029
feature_probe_distance_changes,1,0.5799999999999997,0.9918619791666666,0.84,0.5,0.6268656716417911,0.9966603803237466,0.7544092922591897,0.00557859721721029
feature_probe_distance_changes,1,0.5899999999999997,0.9912109375,0.8260869565217391,0.4523809523809524,0.5846153846153846,0.9966603803237466,0.7544092922591897,0.00557859721721029
feature_probe_distance_changes,1,0.5999999999999998,0.9908854166666666,0.8181818181818182,0.42857142857142855,0.5625,0.9966603803237466,0.7544092922591897,0.00557859721721029
feature_probe_distance_changes,1,0.6099999999999998,0.9908854166666666,0.8181818181818182,0.42857142857142855,0.5625,0.9966603803237466,0.7544092922591897,0.00557859721721029
feature_probe_distance_changes,1,0.6199999999999998,0.9908854166666666,0.8181818181818182,0.42857142857142855,0.5625,0.9966603803237466,0.7544092922591897,0.00557859721721029
feature_probe_distance_changes,1,0.6299999999999997,0.9905598958333334,0.8095238095238095,0.40476190476190477,0.5396825396825397,0.9966603803237466,0.7544092922591897,0.00557859721721029
feature_probe_distance_changes,1,0.6399999999999997,0.9905598958333334,0.8095238095238095,0.40476190476190477,0.5396825396825397,0.9966603803237466,0.7544092922591897,0.00557859721721029
feature_probe_distance_changes,1,0.6499999999999997,0.9905598958333334,0.8095238095238095,0.40476190476190477,0.5396825396825397,0.9966603803237466,0.7544092922591897,0.00557859721721029
feature_probe_distance_changes,1,0.6599999999999997,0.990234375,0.8,0.38095238095238093,0.5161290322580645,0.9966603803237466,0.7544092922591897,0.00557859721721029
feature_probe_distance_changes,1,0.6699999999999997,0.990234375,0.8,0.38095238095238093,0.5161290322580645,0.9966603803237466,0.7544092922591897,0.00557859721721029
feature_probe_distance_changes,1,0.6799999999999997,0.9899088541666666,0.7894736842105263,0.35714285714285715,0.4918032786885246,0.9966603803237466,0.7544092922591897,0.00557859721721029
feature_probe_distance_changes,1,0.6899999999999997,0.9899088541666666,0.7894736842105263,0.35714285714285715,0.4918032786885246,0.9966603803237466,0.7544092922591897,0.00557859721721029
feature_probe_distance_changes,1,0.6999999999999996,0.9899088541666666,0.7894736842105263,0.35714285714285715,0.4918032786885246,0.9966603803237466,0.7544092922591897,0.00557859721721029
feature_probe_distance_changes,1,0.7099999999999996,0.9899088541666666,0.7894736842105263,0.35714285714285715,0.4918032786885246,0.9966603803237466,0.7544092922591897,0.00557859721721029
feature_probe_distance_changes,1,0.7199999999999996,0.9895833333333334,0.8125,0.30952380952380953,0.4482758620689655,0.9966603803237466,0.7544092922591897,0.00557859721721029
feature_probe_distance_changes,1,0.7299999999999996,0.9892578125,0.8,0.2857142857142857,0.42105263157894735,0.9966603803237466,0.7544092922591897,0.00557859721721029
feature_probe_distance_changes,1,0.7399999999999997,0.9892578125,0.8,0.2857142857142857,0.42105263157894735,0.9966603803237466,0.7544092922591897,0.00557859721721029
feature_probe_distance_changes,1,0.7499999999999997,0.9889322916666666,0.7857142857142857,0.2619047619047619,0.39285714285714285,0.9966603803237466,0.7544092922591897,0.00557859721721029
feature_probe_distance_changes,1,0.7599999999999997,0.9889322916666666,0.7857142857142857,0.2619047619047619,0.39285714285714285,0.9966603803237466,0.7544092922591897,0.00557859721721029
feature_probe_distance_changes,1,0.7699999999999997,0.98828125,0.75,0.21428571428571427,0.3333333333333333,0.9966603803237466,0.7544092922591897,0.00557859721721029
feature_probe_distance_changes,1,0.7799999999999997,0.9879557291666666,0.7272727272727273,0.19047619047619047,0.3018867924528302,0.9966603803237466,0.7544092922591897,0.00557859721721029
feature_probe_distance_changes,1,0.7899999999999996,0.9879557291666666,0.7777777777777778,0.16666666666666666,0.27450980392156865,0.9966603803237466,0.7544092922591897,0.00557859721721029
feature_probe_distance_changes,1,0.7999999999999996,0.9879557291666666,0.7777777777777778,0.16666666666666666,0.27450980392156865,0.9966603803237466,0.7544092922591897,0.00557859721721029
feature_probe_distance_changes,1,0.8099999999999996,0.9879557291666666,0.7777777777777778,0.16666666666666666,0.27450980392156865,0.9966603803237466,0.7544092922591897,0.00557859721721029
feature_probe_distance_changes,1,0.8199999999999996,0.9879557291666666,0.8571428571428571,0.14285714285714285,0.24489795918367346,0.9966603803237466,0.7544092922591897,0.00557859721721029
feature_probe_distance_changes,1,0.8299999999999996,0.9876302083333334,0.8333333333333334,0.11904761904761904,0.20833333333333334,0.9966603803237466,0.7544092922591897,0.00557859721721029
feature_probe_distance_changes,1,0.8399999999999996,0.9873046875,0.8,0.09523809523809523,0.1702127659574468,0.9966603803237466,0.7544092922591897,0.00557859721721029
feature_probe_distance_changes,1,0.8499999999999996,0.9873046875,0.8,0.09523809523809523,0.1702127659574468,0.9966603803237466,0.7544092922591897,0.00557859721721029
feature_probe_distance_changes,1,0.8599999999999995,0.9873046875,0.8,0.09523809523809523,0.1702127659574468,0.9966603803237466,0.7544092922591897,0.00557859721721029
feature_probe_distance_changes,1,0.8699999999999996,0.9873046875,0.8,0.09523809523809523,0.1702127659574468,0.9966603803237466,0.7544092922591897,0.00557859721721029
feature_probe_distance_changes,1,0.8799999999999996,0.9869791666666666,0.75,0.07142857142857142,0.13043478260869565,0.9966603803237466,0.7544092922591897,0.00557859721721029
feature_probe_distance_changes,1,0.8899999999999996,0.9869791666666666,0.75,0.07142857142857142,0.13043478260869565,0.9966603803237466,0.7544092922591897,0.00557859721721029
feature_probe_distance_changes,1,0.8999999999999996,0.986328125,0.5,0.023809523809523808,0.045454545454545456,0.9966603803237466,0.7544092922591897,0.00557859721721029
feature_probe_distance_changes,2,0.1,0.9820642978003384,0.4936708860759494,0.75,0.5954198473282443,0.9814813588065396,0.7382695106362528,0.008606989021044729
feature_probe_distance_changes,2,0.11,0.9827411167512691,0.5064935064935064,0.75,0.6046511627906976,0.9814813588065396,0.7382695106362528,0.008606989021044729
feature_probe_distance_changes,2,0.12,0.9830795262267343,0.5131578947368421,0.75,0.609375,0.9814813588065396,0.7382695106362528,0.008606989021044729
feature_probe_distance_changes,2,0.13,0.9834179357021997,0.52,0.75,0.6141732283464567,0.9814813588065396,0.7382695106362528,0.008606989021044729
feature_probe_distance_changes,2,0.13999999999999999,0.9834179357021997,0.5205479452054794,0.7307692307692307,0.608,0.9814813588065396,0.7382695106362528,0.008606989021044729
feature_probe_distance_changes,2,0.14999999999999997,0.9851099830795262,0.5588235294117647,0.7307692307692307,0.6333333333333333,0.9814813588065396,0.7382695106362528,0.008606989021044729
feature_probe_distance_changes,2,0.15999999999999998,0.9854483925549915,0.5671641791044776,0.7307692307692307,0.6386554621848739,0.9814813588065396,0.7382695106362528,0.008606989021044729
feature_probe_distance_changes,2,0.16999999999999998,0.9861252115059221,0.5873015873015873,0.7115384615384616,0.6434782608695652,0.9814813588065396,0.7382695106362528,0.008606989021044729
feature_probe_distance_changes,2,0.17999999999999997,0.9857868020304569,0.5806451612903226,0.6923076923076923,0.631578947368421,0.9814813588065396,0.7382695106362528,0.008606989021044729
feature_probe_distance_changes,2,0.18999999999999995,0.9864636209813875,0.6,0.6923076923076923,0.6428571428571429,0.9814813588065396,0.7382695106362528,0.008606989021044729
feature_probe_distance_changes,2,0.19999999999999996,0.9864636209813875,0.6,0.6923076923076923,0.6428571428571429,0.9814813588065396,0.7382695106362528,0.008606989021044729
feature_probe_distance_changes,2,0.20999999999999996,0.9868020304568528,0.6101694915254238,0.6923076923076923,0.6486486486486487,0.9814813588065396,0.7382695106362528,0.008606989021044729
feature_probe_distance_changes,2,0.21999999999999995,0.9874788494077834,0.6363636363636364,0.6730769230769231,0.6542056074766355,0.9814813588065396,0.7382695106362528,0.008606989021044729
feature_probe_distance_changes,2,0.22999999999999995,0.988155668358714,0.6666666666666666,0.6538461538461539,0.6601941747572816,0.9814813588065396,0.7382695106362528,0.008606989021044729
feature_probe_distance_changes,2,0.23999999999999994,0.9888324873096447,0.6938775510204082,0.6538461538461539,0.6732673267326733,0.9814813588065396,0.7382695106362528,0.008606989021044729
feature_probe_distance_changes,2,0.24999999999999992,0.9895093062605753,0.723404255319149,0.6538461538461539,0.6868686868686869,0.9814813588065396,0.7382695106362528,0.008606989021044729
feature_probe_distance_changes,2,0.2599999999999999,0.9898477157360406,0.7391304347826086,0.6538461538461539,0.6938775510204082,0.9814813588065396,0.7382695106362528,0.008606989021044729
feature_probe_distance_changes,2,0.2699999999999999,0.9898477157360406,0.7391304347826086,0.6538461538461539,0.6938775510204082,0.9814813588065396,0.7382695106362528,0.008606989021044729
feature_probe_distance_changes,2,0.2799999999999999,0.9898477157360406,0.7391304347826086,0.6538461538461539,0.6938775510204082,0.9814813588065396,0.7382695106362528,0.008606989021044729
feature_probe_distance_changes,2,0.2899999999999999,0.990186125211506,0.7674418604651163,0.6346153846153846,0.6947368421052632,0.9814813588065396,0.7382695106362528,0.008606989021044729
feature_probe_distance_changes,2,0.29999999999999993,0.990186125211506,0.7804878048780488,0.6153846153846154,0.6881720430107527,0.9814813588065396,0.7382695106362528,0.008606989021044729
feature_probe_distance_changes,2,0.30999999999999994,0.9905245346869712,0.8,0.6153846153846154,0.6956521739130435,0.9814813588065396,0.7382695106362528,0.008606989021044729
feature_probe_distance_changes,2,0.3199999999999999,0.9905245346869712,0.8,0.6153846153846154,0.6956521739130435,0.9814813588065396,0.7382695106362528,0.008606989021044729
feature_probe_distance_changes,2,0.32999999999999985,0.9905245346869712,0.8,0.6153846153846154,0.6956521739130435,0.9814813588065396,0.7382695106362528,0.008606989021044729
feature_probe_distance_changes,2,0.33999999999999986,0.990186125211506,0.7948717948717948,0.5961538461538461,0.6813186813186813,0.9814813588065396,0.7382695106362528,0.008606989021044729
feature_probe_distance_changes,2,0.34999999999999987,0.990186125211506,0.7948717948717948,0.5961538461538461,0.6813186813186813,0.9814813588065396,0.7382695106362528,0.008606989021044729
feature_probe_distance_changes,2,0.3599999999999999,0.990186125211506,0.7948717948717948,0.5961538461538461,0.6813186813186813,0.9814813588065396,0.7382695106362528,0.008606989021044729
feature_probe_distance_changes,2,0.3699999999999999,0.9905245346869712,0.8157894736842105,0.5961538461538461,0.6888888888888889,0.9814813588065396,0.7382695106362528,0.008606989021044729
feature_probe_distance_changes,2,0.3799999999999999,0.9905245346869712,0.8333333333333334,0.5769230769230769,0.6818181818181818,0.9814813588065396,0.7382695106362528,0.008606989021044729
feature_probe_distance_changes,2,0.3899999999999999,0.9905245346869712,0.8333333333333334,0.5769230769230769,0.6818181818181818,0.9814813588065396,0.7382695106362528,0.008606989021044729
feature_probe_distance_changes,2,0.3999999999999998,0.9898477157360406,0.8235294117647058,0.5384615384615384,0.6511627906976745,0.9814813588065396,0.7382695106362528,0.008606989021044729
feature_probe_distance_changes,2,0.4099999999999998,0.9898477157360406,0.8235294117647058,0.5384615384615384,0.6511627906976745,0.9814813588065396,0.7382695106362528,0.008606989021044729
feature_probe_distance_changes,2,0.4199999999999998,0.9895093062605753,0.8181818181818182,0.5192307692307693,0.6352941176470588,0.9814813588065396,0.7382695106362528,0.008606989021044729
feature_probe_distance_changes,2,0.4299999999999998,0.9895093062605753,0.8181818181818182,0.5192307692307693,0.6352941176470588,0.9814813588065396,0.7382695106362528,0.008606989021044729
feature_probe_distance_changes,2,0.43999999999999984,0.9891708967851099,0.8125,0.5,0.6190476190476191,0.9814813588065396,0.7382695106362528,0.008606989021044729
feature_probe_distance_changes,2,0.44999999999999984,0.9884940778341793,0.8,0.46153846153846156,0.5853658536585366,0.9814813588065396,0.7382695106362528,0.008606989021044729
feature_probe_distance_changes,2,0.45999999999999985,0.9884940778341793,0.8,0.46153846153846156,0.5853658536585366,0.9814813588065396,0.7382695106362528,0.008606989021044729
feature_probe_distance_changes,2,0.46999999999999986,0.9884940778341793,0.8,0.46153846153846156,0.5853658536585366,0.9814813588065396,0.7382695106362528,0.008606989021044729
feature_probe_distance_changes,2,0.47999999999999976,0.9888324873096447,0.8275862068965517,0.46153846153846156,0.5925925925925926,0.9814813588065396,0.7382695106362528,0.008606989021044729
feature_probe_distance_changes,2,0.48999999999999977,0.9888324873096447,0.8275862068965517,0.46153846153846156,0.5925925925925926,0.9814813588065396,0.7382695106362528,0.008606989021044729
feature_probe_distance_changes,2,0.4999999999999998,0.9891708967851099,0.8846153846153846,0.4423076923076923,0.5897435897435898,0.9814813588065396,0.7382695106362528,0.008606989021044729
feature_probe_distance_changes,2,0.5099999999999998,0.9888324873096447,0.88,0.4230769230769231,0.5714285714285714,0.9814813588065396,0.7382695106362528,0.008606989021044729
feature_probe_distance_changes,2,0.5199999999999998,0.9891708967851099,0.9166666666666666,0.4230769230769231,0.5789473684210527,0.9814813588065396,0.7382695106362528,0.008606989021044729
feature_probe_distance_changes,2,0.5299999999999998,0.9891708967851099,0.9166666666666666,0.4230769230769231,0.5789473684210527,0.9814813588065396,0.7382695106362528,0.008606989021044729
feature_probe_distance_changes,2,0.5399999999999998,0.9884940778341793,0.9090909090909091,0.38461538461538464,0.5405405405405406,0.9814813588065396,0.7382695106362528,0.008606989021044729
feature_probe_distance_changes,2,0.5499999999999998,0.9884940778341793,0.9090909090909091,0.38461538461538464,0.5405405405405406,0.9814813588065396,0.7382695106362528,0.008606989021044729
feature_probe_distance_changes,2,0.5599999999999997,0.9884940778341793,0.9090909090909091,0.38461538461538464,0.5405405405405406,0.9814813588065396,0.7382695106362528,0.008606989021044729
feature_probe_distance_changes,2,0.5699999999999997,0.988155668358714,0.9047619047619048,0.36538461538461536,0.5205479452054794,0.9814813588065396,0.7382695106362528,0.008606989021044729
feature_probe_distance_changes,2,0.5799999999999997,0.988155668358714,0.9047619047619048,0.36538461538461536,0.5205479452054794,0.9814813588065396,0.7382695106362528,0.008606989021044729
feature_probe_distance_changes,2,0.5899999999999997,0.9878172588832488,0.9,0.34615384615384615,0.5,0.9814813588065396,0.7382695106362528,0.008606989021044729
feature_probe_distance_changes,2,0.5999999999999998,0.9871404399323181,0.8888888888888888,0.3076923076923077,0.45714285714285713,0.9814813588065396,0.7382695106362528,0.008606989021044729
feature_probe_distance_changes,2,0.6099999999999998,0.9871404399323181,0.8888888888888888,0.3076923076923077,0.45714285714285713,0.9814813588065396,0.7382695106362528,0.008606989021044729
feature_probe_distance_changes,2,0.6199999999999998,0.9871404399323181,0.8888888888888888,0.3076923076923077,0.45714285714285713,0.9814813588065396,0.7382695106362528,0.008606989021044729
feature_probe_distance_changes,2,0.6299999999999997,0.9868020304568528,0.8823529411764706,0.28846153846153844,0.43478260869565216,0.9814813588065396,0.7382695106362528,0.008606989021044729
feature_probe_distance_changes,2,0.6399999999999997,0.9868020304568528,0.8823529411764706,0.28846153846153844,0.43478260869565216,0.9814813588065396,0.7382695106362528,0.008606989021044729
feature_probe_distance_changes,2,0.6499999999999997,0.9871404399323181,0.9375,0.28846153846153844,0.4411764705882353,0.9814813588065396,0.7382695106362528,0.008606989021044729
feature_probe_distance_changes,2,0.6599999999999997,0.9864636209813875,0.9285714285714286,0.25,0.3939393939393939,0.9814813588065396,0.7382695106362528,0.008606989021044729
feature_probe_distance_changes,2,0.6699999999999997,0.9864636209813875,0.9285714285714286,0.25,0.3939393939393939,0.9814813588065396,0.7382695106362528,0.008606989021044729
feature_probe_distance_changes,2,0.6799999999999997,0.9864636209813875,0.9285714285714286,0.25,0.3939393939393939,0.9814813588065396,0.7382695106362528,0.008606989021044729
feature_probe_distance_changes,2,0.6899999999999997,0.9861252115059221,0.9230769230769231,0.23076923076923078,0.36923076923076925,0.9814813588065396,0.7382695106362528,0.008606989021044729
feature_probe_distance_changes,2,0.6999999999999996,0.9857868020304569,0.9166666666666666,0.21153846153846154,0.34375,0.9814813588065396,0.7382695106362528,0.008606989021044729
feature_probe_distance_changes,2,0.7099999999999996,0.9854483925549915,0.9090909090909091,0.19230769230769232,0.31746031746031744,0.9814813588065396,0.7382695106362528,0.008606989021044729
feature_probe_distance_changes,2,0.7199999999999996,0.9854483925549915,0.9090909090909091,0.19230769230769232,0.31746031746031744,0.9814813588065396,0.7382695106362528,0.008606989021044729
feature_probe_distance_changes,2,0.7299999999999996,0.9854483925549915,0.9090909090909091,0.19230769230769232,0.31746031746031744,0.9814813588065396,0.7382695106362528,0.008606989021044729
feature_probe_distance_changes,2,0.7399999999999997,0.9851099830795262,0.9,0.17307692307692307,0.2903225806451613,0.9814813588065396,0.7382695106362528,0.008606989021044729
feature_probe_distance_changes,2,0.7499999999999997,0.9851099830795262,0.9,0.17307692307692307,0.2903225806451613,0.9814813588065396,0.7382695106362528,0.008606989021044729
feature_probe_distance_changes,2,0.7599999999999997,0.9844331641285956,0.875,0.1346153846153846,0.23333333333333334,0.9814813588065396,0.7382695106362528,0.008606989021044729
feature_probe_distance_changes,2,0.7699999999999997,0.9844331641285956,0.875,0.1346153846153846,0.23333333333333334,0.9814813588065396,0.7382695106362528,0.008606989021044729
feature_probe_distance_changes,2,0.7799999999999997,0.9847715736040609,1.0,0.1346153846153846,0.23728813559322035,0.9814813588065396,0.7382695106362528,0.008606989021044729
feature_probe_distance_changes,2,0.7899999999999996,0.9847715736040609,1.0,0.1346153846153846,0.23728813559322035,0.9814813588065396,0.7382695106362528,0.008606989021044729
feature_probe_distance_changes,2,0.7999999999999996,0.983756345177665,1.0,0.07692307692307693,0.14285714285714285,0.9814813588065396,0.7382695106362528,0.008606989021044729
feature_probe_distance_changes,2,0.8099999999999996,0.983756345177665,1.0,0.07692307692307693,0.14285714285714285,0.9814813588065396,0.7382695106362528,0.008606989021044729
feature_probe_distance_changes,2,0.8199999999999996,0.983756345177665,1.0,0.07692307692307693,0.14285714285714285,0.9814813588065396,0.7382695106362528,0.008606989021044729
feature_probe_distance_changes,2,0.8299999999999996,0.9834179357021997,1.0,0.057692307692307696,0.10909090909090909,0.9814813588065396,0.7382695106362528,0.008606989021044729
feature_probe_distance_changes,2,0.8399999999999996,0.9834179357021997,1.0,0.057692307692307696,0.10909090909090909,0.9814813588065396,0.7382695106362528,0.008606989021044729
feature_probe_distance_changes,2,0.8499999999999996,0.9830795262267343,1.0,0.038461538461538464,0.07407407407407407,0.9814813588065396,0.7382695106362528,0.008606989021044729
feature_probe_distance_changes,2,0.8599999999999995,0.9830795262267343,1.0,0.038461538461538464,0.07407407407407407,0.9814813588065396,0.7382695106362528,0.008606989021044729
feature_probe_distance_changes,2,0.8699999999999996,0.9830795262267343,1.0,0.038461538461538464,0.07407407407407407,0.9814813588065396,0.7382695106362528,0.008606989021044729
feature_probe_distance_changes,2,0.8799999999999996,0.9827411167512691,1.0,0.019230769230769232,0.03773584905660377,0.9814813588065396,0.7382695106362528,0.008606989021044729
feature_probe_distance_changes,2,0.8899999999999996,0.9827411167512691,1.0,0.019230769230769232,0.03773584905660377,0.9814813588065396,0.7382695106362528,0.008606989021044729
feature_probe_distance_changes,2,0.8999999999999996,0.9824027072758037,0.0,0.0,0.0,0.9814813588065396,0.7382695106362528,0.008606989021044729
feature_probe_distance_changes,3,0.1,0.9741566920565833,0.48125,0.8651685393258427,0.6184738955823293,0.9921627099106324,0.7831616254413567,0.010874024122371468
feature_probe_distance_changes,3,0.11,0.9757889009793254,0.5,0.8651685393258427,0.6337448559670782,0.9921627099106324,0.7831616254413567,0.010874024122371468
feature_probe_distance_changes,3,0.12,0.9766050054406964,0.5099337748344371,0.8651685393258427,0.6416666666666667,0.9921627099106324,0.7831616254413567,0.010874024122371468
feature_probe_distance_changes,3,0.13,0.9774211099020674,0.5202702702702703,0.8651685393258427,0.6497890295358649,0.9921627099106324,0.7831616254413567,0.010874024122371468
feature_probe_distance_changes,3,0.13999999999999999,0.9782372143634385,0.5319148936170213,0.8426966292134831,0.6521739130434783,0.9921627099106324,0.7831616254413567,0.010874024122371468
feature_probe_distance_changes,3,0.14999999999999997,0.9787812840043526,0.539568345323741,0.8426966292134831,0.6578947368421053,0.9921627099106324,0.7831616254413567,0.010874024122371468
feature_probe_distance_changes,3,0.15999999999999998,0.9793253536452666,0.5481481481481482,0.8314606741573034,0.6607142857142857,0.9921627099106324,0.7831616254413567,0.010874024122371468
feature_probe_distance_changes,3,0.16999999999999998,0.9809575625680087,0.5748031496062992,0.8202247191011236,0.6759259259259259,0.9921627099106324,0.7831616254413567,0.010874024122371468
feature_probe_distance_changes,3,0.17999999999999997,0.9815016322089227,0.5853658536585366,0.8089887640449438,0.6792452830188679,0.9921627099106324,0.7831616254413567,0.010874024122371468
feature_probe_distance_changes,3,0.18999999999999995,0.9820457018498367,0.5950413223140496,0.8089887640449438,0.6857142857142857,0.9921627099106324,0.7831616254413567,0.010874024122371468
feature_probe_distance_changes,3,0.19999999999999996,0.9820457018498367,0.5982905982905983,0.7865168539325843,0.6796116504854369,0.9921627099106324,0.7831616254413567,0.010874024122371468
feature_probe_distance_changes,3,0.20999999999999996,0.9831338411316648,0.6216216216216216,0.7752808988764045,0.69,0.9921627099106324,0.7831616254413567,0.010874024122371468
feature_probe_distance_changes,3,0.21999999999999995,0.9836779107725789,0.6355140186915887,0.7640449438202247,0.6938775510204082,0.9921627099106324,0.7831616254413567,0.010874024122371468
feature_probe_distance_changes,3,0.22999999999999995,0.9825897714907508,0.6237623762376238,0.7078651685393258,0.6631578947368421,0.9921627099106324,0.7831616254413567,0.010874024122371468
feature_probe_distance_changes,3,0.23999999999999994,0.9831338411316648,0.6391752577319587,0.6966292134831461,0.6666666666666666,0.9921627099106324,0.7831616254413567,0.010874024122371468
feature_probe_distance_changes,3,0.24999999999999992,0.983949945593036,0.6595744680851063,0.6966292134831461,0.6775956284153005,0.9921627099106324,0.7831616254413567,0.010874024122371468
feature_probe_distance_changes,3,0.2599999999999999,0.984221980413493,0.6666666666666666,0.6966292134831461,0.6813186813186813,0.9921627099106324,0.7831616254413567,0.010874024122371468
feature_probe_distance_changes,3,0.2699999999999999,0.98449401523395,0.6777777777777778,0.6853932584269663,0.6815642458100558,0.9921627099106324,0.7831616254413567,0.010874024122371468
feature_probe_distance_changes,3,0.2799999999999999,0.984766050054407,0.6853932584269663,0.6853932584269663,0.6853932584269663,0.9921627099106324,0.7831616254413567,0.010874024122371468
feature_probe_distance_changes,3,0.2899999999999999,0.98449401523395,0.6904761904761905,0.651685393258427,0.6705202312138728,0.9921627099106324,0.7831616254413567,0.010874024122371468
feature_probe_distance_changes,3,0.29999999999999993,0.984766050054407,0.6987951807228916,0.651685393258427,0.6744186046511628,0.9921627099106324,0.7831616254413567,0.010874024122371468
feature_probe_distance_changes,3,0.30999999999999994,0.985582154515778,0.725,0.651685393258427,0.6863905325443787,0.9921627099106324,0.7831616254413567,0.010874024122371468
feature_probe_distance_changes,3,0.3199999999999999,0.985582154515778,0.7307692307692307,0.6404494382022472,0.6826347305389222,0.9921627099106324,0.7831616254413567,0.010874024122371468
feature_probe_distance_changes,3,0.32999999999999985,0.98449401523395,0.7162162162162162,0.5955056179775281,0.6503067484662577,0.9921627099106324,0.7831616254413567,0.010874024122371468
feature_probe_distance_changes,3,0.33999999999999986,0.98449401523395,0.7222222222222222,0.5842696629213483,0.6459627329192547,0.9921627099106324,0.7831616254413567,0.010874024122371468
feature_probe_distance_changes,3,0.34999999999999987,0.984221980413493,0.7183098591549296,0.5730337078651685,0.6375,0.9921627099106324,0.7831616254413567,0.010874024122371468
feature_probe_distance_changes,3,0.3599999999999999,0.98449401523395,0.7424242424242424,0.550561797752809,0.632258064516129,0.9921627099106324,0.7831616254413567,0.010874024122371468
feature_probe_distance_changes,3,0.3699999999999999,0.984766050054407,0.7538461538461538,0.550561797752809,0.6363636363636364,0.9921627099106324,0.7831616254413567,0.010874024122371468
feature_probe_distance_changes,3,0.3799999999999999,0.985582154515778,0.7903225806451613,0.550561797752809,0.6490066225165563,0.9921627099106324,0.7831616254413567,0.010874024122371468
feature_probe_distance_changes,3,0.3899999999999999,0.985582154515778,0.8,0.5393258426966292,0.6442953020134228,0.9921627099106324,0.7831616254413567,0.010874024122371468
feature_probe_distance_changes,3,0.3999999999999998,0.985582154515778,0.8,0.5393258426966292,0.6442953020134228,0.9921627099106324,0.7831616254413567,0.010874024122371468
feature_probe_distance_changes,3,0.4099999999999998,0.985854189336235,0.8135593220338984,0.5393258426966292,0.6486486486486487,0.9921627099106324,0.7831616254413567,0.010874024122371468
feature_probe_distance_changes,3,0.4199999999999998,0.985854189336235,0.8245614035087719,0.5280898876404494,0.6438356164383562,0.9921627099106324,0.7831616254413567,0.010874024122371468
feature_probe_distance_changes,3,0.4299999999999998,0.985854189336235,0.8245614035087719,0.5280898876404494,0.6438356164383562,0.9921627099106324,0.7831616254413567,0.010874024122371468
feature_probe_distance_changes,3,0.43999999999999984,0.986126224156692,0.8392857142857143,0.5280898876404494,0.6482758620689655,0.9921627099106324,0.7831616254413567,0.010874024122371468
feature_probe_distance_changes,3,0.44999999999999984,0.986126224156692,0.8392857142857143,0.5280898876404494,0.6482758620689655,0.9921627099106324,0.7831616254413567,0.010874024122371468
feature_probe_distance_changes,3,0.45999999999999985,0.985854189336235,0.8363636363636363,0.5168539325842697,0.6388888888888888,0.9921627099106324,0.7831616254413567,0.010874024122371468
feature_probe_distance_changes,3,0.46999999999999986,0.986126224156692,0.8653846153846154,0.5056179775280899,0.6382978723404256,0.9921627099106324,0.7831616254413567,0.010874024122371468
feature_probe_distance_changes,3,0.47999999999999976,0.986126224156692,0.8653846153846154,0.5056179775280899,0.6382978723404256,0.9921627099106324,0.7831616254413567,0.010874024122371468
feature_probe_distance_changes,3,0.48999999999999977,0.985582154515778,0.875,0.47191011235955055,0.6131386861313869,0.9921627099106324,0.7831616254413567,0.010874024122371468
feature_probe_distance_changes,3,0.4999999999999998,0.985582154515778,0.8913043478260869,0.4606741573033708,0.6074074074074074,0.9921627099106324,0.7831616254413567,0.010874024122371468
feature_probe_distance_changes,3,0.5099999999999998,0.985310119695321,0.8888888888888888,0.449438202247191,0.5970149253731343,0.9921627099106324,0.7831616254413567,0.010874024122371468
feature_probe_distance_changes,3,0.5199999999999998,0.985310119695321,0.9069767441860465,0.43820224719101125,0.5909090909090909,0.9921627099106324,0.7831616254413567,0.010874024122371468
feature_probe_distance_changes,3,0.5299999999999998,0.984766050054407,0.9024390243902439,0.4157303370786517,0.5692307692307692,0.9921627099106324,0.7831616254413567,0.010874024122371468
feature_probe_distance_changes,3,0.5399999999999998,0.985038084874864,0.925,0.4157303370786517,0.5736434108527132,0.9921627099106324,0.7831616254413567,0.010874024122371468
feature_probe_distance_changes,3,0.5499999999999998,0.984766050054407,0.9230769230769231,0.4044943820224719,0.5625,0.9921627099106324,0.7831616254413567,0.010874024122371468
feature_probe_distance_changes,3,0.5599999999999997,0.98449401523395,0.9210526315789473,0.39325842696629215,0.5511811023622047,0.9921627099106324,0.7831616254413567,0.010874024122371468
feature_probe_distance_changes,3,0.5699999999999997,0.9836779107725789,0.9393939393939394,0.34831460674157305,0.5081967213114754,0.9921627099106324,0.7831616254413567,0.010874024122371468
feature_probe_distance_changes,3,0.5799999999999997,0.9834058759521219,0.9666666666666667,0.3258426966292135,0.48739495798319327,0.9921627099106324,0.7831616254413567,0.010874024122371468
feature_probe_distance_changes,3,0.5899999999999997,0.9831338411316648,0.9655172413793104,0.3146067415730337,0.4745762711864407,0.9921627099106324,0.7831616254413567,0.010874024122371468
feature_probe_distance_changes,3,0.5999999999999998,0.9831338411316648,0.9655172413793104,0.3146067415730337,0.4745762711864407,0.9921627099106324,0.7831616254413567,0.010874024122371468
feature_probe_distance_changes,3,0.6099999999999998,0.9831338411316648,0.9655172413793104,0.3146067415730337,0.4745762711864407,0.9921627099106324,0.7831616254413567,0.010874024122371468
feature_probe_distance_changes,3,0.6199999999999998,0.9831338411316648,0.9655172413793104,0.3146067415730337,0.4745762711864407,0.9921627099106324,0.7831616254413567,0.010874024122371468
feature_probe_distance_changes,3,0.6299999999999997,0.9831338411316648,0.9655172413793104,0.3146067415730337,0.4745762711864407,0.9921627099106324,0.7831616254413567,0.010874024122371468
feature_probe_distance_changes,3,0.6399999999999997,0.9828618063112078,0.9642857142857143,0.30337078651685395,0.46153846153846156,0.9921627099106324,0.7831616254413567,0.010874024122371468
feature_probe_distance_changes,3,0.6499999999999997,0.9825897714907508,0.9629629629629629,0.29213483146067415,0.4482758620689655,0.9921627099106324,0.7831616254413567,0.010874024122371468
feature_probe_distance_changes,3,0.6599999999999997,0.9820457018498367,0.96,0.2696629213483146,0.42105263157894735,0.9921627099106324,0.7831616254413567,0.010874024122371468
feature_probe_distance_changes,3,0.6699999999999997,0.9817736670293797,0.9583333333333334,0.25842696629213485,0.40707964601769914,0.9921627099106324,0.7831616254413567,0.010874024122371468
feature_probe_distance_changes,3,0.6799999999999997,0.9812295973884657,0.9545454545454546,0.23595505617977527,0.3783783783783784,0.9921627099106324,0.7831616254413567,0.010874024122371468
feature_probe_distance_changes,3,0.6899999999999997,0.9812295973884657,0.9545454545454546,0.23595505617977527,0.3783783783783784,0.9921627099106324,0.7831616254413567,0.010874024122371468
feature_probe_distance_changes,3,0.6999999999999996,0.9812295973884657,0.9545454545454546,0.23595505617977527,0.3783783783783784,0.9921627099106324,0.7831616254413567,0.010874024122371468
feature_probe_distance_changes,3,0.7099999999999996,0.9809575625680087,0.9523809523809523,0.2247191011235955,0.36363636363636365,0.9921627099106324,0.7831616254413567,0.010874024122371468
feature_probe_distance_changes,3,0.7199999999999996,0.9806855277475517,0.95,0.21348314606741572,0.3486238532110092,0.9921627099106324,0.7831616254413567,0.010874024122371468
feature_probe_distance_changes,3,0.7299999999999996,0.9806855277475517,0.95,0.21348314606741572,0.3486238532110092,0.9921627099106324,0.7831616254413567,0.010874024122371468
feature_probe_distance_changes,3,0.7399999999999997,0.9806855277475517,0.95,0.21348314606741572,0.3486238532110092,0.9921627099106324,0.7831616254413567,0.010874024122371468
feature_probe_distance_changes,3,0.7499999999999997,0.9804134929270947,0.9473684210526315,0.20224719101123595,0.3333333333333333,0.9921627099106324,0.7831616254413567,0.010874024122371468
feature_probe_distance_changes,3,0.7599999999999997,0.9804134929270947,0.9473684210526315,0.20224719101123595,0.3333333333333333,0.9921627099106324,0.7831616254413567,0.010874024122371468
feature_probe_distance_changes,3,0.7699999999999997,0.9801414581066377,0.9444444444444444,0.19101123595505617,0.3177570093457944,0.9921627099106324,0.7831616254413567,0.010874024122371468
feature_probe_distance_changes,3,0.7799999999999997,0.9798694232861807,0.9411764705882353,0.1797752808988764,0.3018867924528302,0.9921627099106324,0.7831616254413567,0.010874024122371468
feature_probe_distance_changes,3,0.7899999999999996,0.9798694232861807,1.0,0.16853932584269662,0.28846153846153844,0.9921627099106324,0.7831616254413567,0.010874024122371468
feature_probe_distance_changes,3,0.7999999999999996,0.9798694232861807,1.0,0.16853932584269662,0.28846153846153844,0.9921627099106324,0.7831616254413567,0.010874024122371468
feature_probe_distance_changes,3,0.8099999999999996,0.9795973884657236,1.0,0.15730337078651685,0.27184466019417475,0.9921627099106324,0.7831616254413567,0.010874024122371468
feature_probe_distance_changes,3,0.8199999999999996,0.9795973884657236,1.0,0.15730337078651685,0.27184466019417475,0.9921627099106324,0.7831616254413567,0.010874024122371468
feature_probe_distance_changes,3,0.8299999999999996,0.9793253536452666,1.0,0.14606741573033707,0.2549019607843137,0.9921627099106324,0.7831616254413567,0.010874024122371468
feature_probe_distance_changes,3,0.8399999999999996,0.9793253536452666,1.0,0.14606741573033707,0.2549019607843137,0.9921627099106324,0.7831616254413567,0.010874024122371468
feature_probe_distance_changes,3,0.8499999999999996,0.9787812840043526,1.0,0.12359550561797752,0.22,0.9921627099106324,0.7831616254413567,0.010874024122371468
feature_probe_distance_changes,3,0.8599999999999995,0.9787812840043526,1.0,0.12359550561797752,0.22,0.9921627099106324,0.7831616254413567,0.010874024122371468
feature_probe_distance_changes,3,0.8699999999999996,0.9785092491838956,1.0,0.11235955056179775,0.20202020202020202,0.9921627099106324,0.7831616254413567,0.010874024122371468
feature_probe_distance_changes,3,0.8799999999999996,0.9782372143634385,1.0,0.10112359550561797,0.1836734693877551,0.9921627099106324,0.7831616254413567,0.010874024122371468
feature_probe_distance_changes,3,0.8899999999999996,0.9779651795429815,1.0,0.0898876404494382,0.16494845360824742,0.9921627099106324,0.7831616254413567,0.010874024122371468
feature_probe_distance_changes,3,0.8999999999999996,0.9768770402611534,1.0,0.0449438202247191,0.08602150537634409,0.9921627099106324,0.7831616254413567,0.010874024122371468
feature_probe_dynamics,1,0.1,0.9830729166666666,0.4444444444444444,0.9523809523809523,0.6060606060606061,0.9965503693226465,0.7683074993808583,0.005382850919815055
feature_probe_dynamics,1,0.11,0.9833984375,0.449438202247191,0.9523809523809523,0.6106870229007634,0.9965503693226465,0.7683074993808583,0.005382850919815055
feature_probe_dynamics,1,0.12,0.9850260416666666,0.47560975609756095,0.9285714285714286,0.6290322580645161,0.9965503693226465,0.7683074993808583,0.005382850919815055
feature_probe_dynamics,1,0.13,0.9856770833333334,0.4875,0.9285714285714286,0.639344262295082,0.9965503693226465,0.7683074993808583,0.005382850919815055
feature_probe_dynamics,1,0.13999999999999999,0.9860026041666666,0.4936708860759494,0.9285714285714286,0.6446280991735537,0.9965503693226465,0.7683074993808583,0.005382850919815055
feature_probe_dynamics,1,0.14999999999999997,0.986328125,0.5,0.9047619047619048,0.6440677966101694,0.9965503693226465,0.7683074993808583,0.005382850919815055
feature_probe_dynamics,1,0.15999999999999998,0.9866536458333334,0.5066666666666667,0.9047619047619048,0.6495726495726496,0.9965503693226465,0.7683074993808583,0.005382850919815055
feature_probe_dynamics,1,0.16999999999999998,0.9879557291666666,0.5352112676056338,0.9047619047619048,0.672566371681416,0.9965503693226465,0.7683074993808583,0.005382850919815055
feature_probe_dynamics,1,0.17999999999999997,0.9892578125,0.5671641791044776,0.9047619047619048,0.6972477064220184,0.9965503693226465,0.7683074993808583,0.005382850919815055
feature_probe_dynamics,1,0.18999999999999995,0.9895833333333334,0.5757575757575758,0.9047619047619048,0.7037037037037037,0.9965503693226465,0.7683074993808583,0.005382850919815055
feature_probe_dynamics,1,0.19999999999999996,0.9899088541666666,0.5873015873015873,0.8809523809523809,0.7047619047619048,0.9965503693226465,0.7683074993808583,0.005382850919815055
feature_probe_dynamics,1,0.20999999999999996,0.9905598958333334,0.6065573770491803,0.8809523809523809,0.7184466019417476,0.9965503693226465,0.7683074993808583,0.005382850919815055
feature_probe_dynamics,1,0.21999999999999995,0.9905598958333334,0.6065573770491803,0.8809523809523809,0.7184466019417476,0.9965503693226465,0.7683074993808583,0.005382850919815055
feature_probe_dynamics,1,0.22999999999999995,0.9912109375,0.6271186440677966,0.8809523809523809,0.7326732673267327,0.9965503693226465,0.7683074993808583,0.005382850919815055
feature_probe_dynamics,1,0.23999999999999994,0.9912109375,0.6271186440677966,0.8809523809523809,0.7326732673267327,0.9965503693226465,0.7683074993808583,0.005382850919815055
feature_probe_dynamics,1,0.24999999999999992,0.9908854166666666,0.6206896551724138,0.8571428571428571,0.72,0.9965503693226465,0.7683074993808583,0.005382850919815055
feature_probe_dynamics,1,0.2599999999999999,0.9912109375,0.631578947368421,0.8571428571428571,0.7272727272727273,0.9965503693226465,0.7683074993808583,0.005382850919815055
feature_probe_dynamics,1,0.2699999999999999,0.9912109375,0.631578947368421,0.8571428571428571,0.7272727272727273,0.9965503693226465,0.7683074993808583,0.005382850919815055
feature_probe_dynamics,1,0.2799999999999999,0.9908854166666666,0.625,0.8333333333333334,0.7142857142857143,0.9965503693226465,0.7683074993808583,0.005382850919815055
feature_probe_dynamics,1,0.2899999999999999,0.9908854166666666,0.625,0.8333333333333334,0.7142857142857143,0.9965503693226465,0.7683074993808583,0.005382850919815055
feature_probe_dynamics,1,0.29999999999999993,0.9912109375,0.6363636363636364,0.8333333333333334,0.7216494845360825,0.9965503693226465,0.7683074993808583,0.005382850919815055
feature_probe_dynamics,1,0.30999999999999994,0.9908854166666666,0.6296296296296297,0.8095238095238095,0.7083333333333334,0.9965503693226465,0.7683074993808583,0.005382850919815055
feature_probe_dynamics,1,0.3199999999999999,0.9915364583333334,0.6538461538461539,0.8095238095238095,0.723404255319149,0.9965503693226465,0.7683074993808583,0.005382850919815055
feature_probe_dynamics,1,0.32999999999999985,0.9925130208333334,0.6938775510204082,0.8095238095238095,0.7472527472527473,0.9965503693226465,0.7683074993808583,0.005382850919815055
feature_probe_dynamics,1,0.33999999999999986,0.9931640625,0.723404255319149,0.8095238095238095,0.7640449438202247,0.9965503693226465,0.7683074993808583,0.005382850919815055
feature_probe_dynamics,1,0.34999999999999987,0.9928385416666666,0.717391304347826,0.7857142857142857,0.75,0.9965503693226465,0.7683074993808583,0.005382850919815055
feature_probe_dynamics,1,0.3599999999999999,0.9928385416666666,0.7380952380952381,0.7380952380952381,0.7380952380952381,0.9965503693226465,0.7683074993808583,0.005382850919815055
feature_probe_dynamics,1,0.3699999999999999,0.9938151041666666,0.7948717948717948,0.7380952380952381,0.7654320987654321,0.9965503693226465,0.7683074993808583,0.005382850919815055
feature_probe_dynamics,1,0.3799999999999999,0.9938151041666666,0.7948717948717948,0.7380952380952381,0.7654320987654321,0.9965503693226465,0.7683074993808583,0.005382850919815055
feature_probe_dynamics,1,0.3899999999999999,0.9938151041666666,0.7948717948717948,0.7380952380952381,0.7654320987654321,0.9965503693226465,0.7683074993808583,0.005382850919815055
feature_probe_dynamics,1,0.3999999999999998,0.9938151041666666,0.7948717948717948,0.7380952380952381,0.7654320987654321,0.9965503693226465,0.7683074993808583,0.005382850919815055
feature_probe_dynamics,1,0.4099999999999998,0.9938151041666666,0.7948717948717948,0.7380952380952381,0.7654320987654321,0.9965503693226465,0.7683074993808583,0.005382850919815055
feature_probe_dynamics,1,0.4199999999999998,0.9934895833333334,0.7894736842105263,0.7142857142857143,0.75,0.9965503693226465,0.7683074993808583,0.005382850919815055
feature_probe_dynamics,1,0.4299999999999998,0.9934895833333334,0.7894736842105263,0.7142857142857143,0.75,0.9965503693226465,0.7683074993808583,0.005382850919815055
feature_probe_dynamics,1,0.43999999999999984,0.9934895833333334,0.8055555555555556,0.6904761904761905,0.7435897435897436,0.9965503693226465,0.7683074993808583,0.005382850919815055
feature_probe_dynamics,1,0.44999999999999984,0.9934895833333334,0.8055555555555556,0.6904761904761905,0.7435897435897436,0.9965503693226465,0.7683074993808583,0.005382850919815055
feature_probe_dynamics,1,0.45999999999999985,0.9934895833333334,0.8055555555555556,0.6904761904761905,0.7435897435897436,0.9965503693226465,0.7683074993808583,0.005382850919815055
feature_probe_dynamics,1,0.46999999999999986,0.9928385416666666,0.7941176470588235,0.6428571428571429,0.7105263157894737,0.9965503693226465,0.7683074993808583,0.005382850919815055
feature_probe_dynamics,1,0.47999999999999976,0.9928385416666666,0.7941176470588235,0.6428571428571429,0.7105263157894737,0.9965503693226465,0.7683074993808583,0.005382850919815055
feature_probe_dynamics,1,0.48999999999999977,0.9928385416666666,0.7941176470588235,0.6428571428571429,0.7105263157894737,0.9965503693226465,0.7683074993808583,0.005382850919815055
feature_probe_dynamics,1,0.4999999999999998,0.9925130208333334,0.7878787878787878,0.6190476190476191,0.6933333333333334,0.9965503693226465,0.7683074993808583,0.005382850919815055
feature_probe_dynamics,1,0.5099999999999998,0.9928385416666666,0.8125,0.6190476190476191,0.7027027027027027,0.9965503693226465,0.7683074993808583,0.005382850919815055
feature_probe_dynamics,1,0.5199999999999998,0.9928385416666666,0.8125,0.6190476190476191,0.7027027027027027,0.9965503693226465,0.7683074993808583,0.005382850919815055
feature_probe_dynamics,1,0.5299999999999998,0.9925130208333334,0.8064516129032258,0.5952380952380952,0.684931506849315,0.9965503693226465,0.7683074993808583,0.005382850919815055
feature_probe_dynamics,1,0.5399999999999998,0.9921875,0.8,0.5714285714285714,0.6666666666666666,0.9965503693226465,0.7683074993808583,0.005382850919815055
feature_probe_dynamics,1,0.5499999999999998,0.9918619791666666,0.7931034482758621,0.5476190476190477,0.647887323943662,0.9965503693226465,0.7683074993808583,0.005382850919815055
feature_probe_dynamics,1,0.5599999999999997,0.9918619791666666,0.8148148148148148,0.5238095238095238,0.6376811594202898,0.9965503693226465,0.7683074993808583,0.005382850919815055
feature_probe_dynamics,1,0.5699999999999997,0.9918619791666666,0.8148148148148148,0.5238095238095238,0.6376811594202898,0.9965503693226465,0.7683074993808583,0.005382850919815055
feature_probe_dynamics,1,0.5799999999999997,0.9918619791666666,0.8148148148148148,0.5238095238095238,0.6376811594202898,0.9965503693226465,0.7683074993808583,0.005382850919815055
feature_probe_dynamics,1,0.5899999999999997,0.9918619791666666,0.8148148148148148,0.5238095238095238,0.6376811594202898,0.9965503693226465,0.7683074993808583,0.005382850919815055
feature_probe_dynamics,1,0.5999999999999998,0.9918619791666666,0.8148148148148148,0.5238095238095238,0.6376811594202898,0.9965503693226465,0.7683074993808583,0.005382850919815055
feature_probe_dynamics,1,0.6099999999999998,0.9918619791666666,0.8148148148148148,0.5238095238095238,0.6376811594202898,0.9965503693226465,0.7683074993808583,0.005382850919815055
feature_probe_dynamics,1,0.6199999999999998,0.9915364583333334,0.8076923076923077,0.5,0.6176470588235294,0.9965503693226465,0.7683074993808583,0.005382850919815055
feature_probe_dynamics,1,0.6299999999999997,0.9912109375,0.8,0.47619047619047616,0.5970149253731343,0.9965503693226465,0.7683074993808583,0.005382850919815055
feature_probe_dynamics,1,0.6399999999999997,0.9912109375,0.8,0.47619047619047616,0.5970149253731343,0.9965503693226465,0.7683074993808583,0.005382850919815055
feature_probe_dynamics,1,0.6499999999999997,0.9912109375,0.8,0.47619047619047616,0.5970149253731343,0.9965503693226465,0.7683074993808583,0.005382850919815055
feature_probe_dynamics,1,0.6599999999999997,0.9918619791666666,0.8695652173913043,0.47619047619047616,0.6153846153846154,0.9965503693226465,0.7683074993808583,0.005382850919815055
feature_probe_dynamics,1,0.6699999999999997,0.9918619791666666,0.8695652173913043,0.47619047619047616,0.6153846153846154,0.9965503693226465,0.7683074993808583,0.005382850919815055
feature_probe_dynamics,1,0.6799999999999997,0.9915364583333334,0.9,0.42857142857142855,0.5806451612903226,0.9965503693226465,0.7683074993808583,0.005382850919815055
feature_probe_dynamics,1,0.6899999999999997,0.9908854166666666,0.8888888888888888,0.38095238095238093,0.5333333333333333,0.9965503693226465,0.7683074993808583,0.005382850919815055
feature_probe_dynamics,1,0.6999999999999996,0.9905598958333334,0.8823529411764706,0.35714285714285715,0.5084745762711864,0.9965503693226465,0.7683074993808583,0.005382850919815055
feature_probe_dynamics,1,0.7099999999999996,0.990234375,0.875,0.3333333333333333,0.4827586206896552,0.9965503693226465,0.7683074993808583,0.005382850919815055
feature_probe_dynamics,1,0.7199999999999996,0.990234375,0.875,0.3333333333333333,0.4827586206896552,0.9965503693226465,0.7683074993808583,0.005382850919815055
feature_probe_dynamics,1,0.7299999999999996,0.990234375,0.875,0.3333333333333333,0.4827586206896552,0.9965503693226465,0.7683074993808583,0.005382850919815055
feature_probe_dynamics,1,0.7399999999999997,0.990234375,0.875,0.3333333333333333,0.4827586206896552,0.9965503693226465,0.7683074993808583,0.005382850919815055
feature_probe_dynamics,1,0.7499999999999997,0.990234375,0.875,0.3333333333333333,0.4827586206896552,0.9965503693226465,0.7683074993808583,0.005382850919815055
feature_probe_dynamics,1,0.7599999999999997,0.9899088541666666,0.8666666666666667,0.30952380952380953,0.45614035087719296,0.9965503693226465,0.7683074993808583,0.005382850919815055
feature_probe_dynamics,1,0.7699999999999997,0.9892578125,0.8461538461538461,0.2619047619047619,0.4,0.9965503693226465,0.7683074993808583,0.005382850919815055
feature_probe_dynamics,1,0.7799999999999997,0.9886067708333334,0.8181818181818182,0.21428571428571427,0.33962264150943394,0.9965503693226465,0.7683074993808583,0.005382850919815055
feature_probe_dynamics,1,0.7899999999999996,0.98828125,0.8,0.19047619047619047,0.3076923076923077,0.9965503693226465,0.7683074993808583,0.005382850919815055
feature_probe_dynamics,1,0.7999999999999996,0.98828125,0.8,0.19047619047619047,0.3076923076923077,0.9965503693226465,0.7683074993808583,0.005382850919815055
feature_probe_dynamics,1,0.8099999999999996,0.98828125,0.8,0.19047619047619047,0.3076923076923077,0.9965503693226465,0.7683074993808583,0.005382850919815055
feature_probe_dynamics,1,0.8199999999999996,0.9879557291666666,0.7777777777777778,0.16666666666666666,0.27450980392156865,0.9965503693226465,0.7683074993808583,0.005382850919815055
feature_probe_dynamics,1,0.8299999999999996,0.9879557291666666,0.7777777777777778,0.16666666666666666,0.27450980392156865,0.9965503693226465,0.7683074993808583,0.005382850919815055
feature_probe_dynamics,1,0.8399999999999996,0.9879557291666666,0.7777777777777778,0.16666666666666666,0.27450980392156865,0.9965503693226465,0.7683074993808583,0.005382850919815055
feature_probe_dynamics,1,0.8499999999999996,0.9876302083333334,0.75,0.14285714285714285,0.24,0.9965503693226465,0.7683074993808583,0.005382850919815055
feature_probe_dynamics,1,0.8599999999999995,0.9876302083333334,0.8333333333333334,0.11904761904761904,0.20833333333333334,0.9965503693226465,0.7683074993808583,0.005382850919815055
feature_probe_dynamics,1,0.8699999999999996,0.9873046875,0.8,0.09523809523809523,0.1702127659574468,0.9965503693226465,0.7683074993808583,0.005382850919815055
feature_probe_dynamics,1,0.8799999999999996,0.9873046875,0.8,0.09523809523809523,0.1702127659574468,0.9965503693226465,0.7683074993808583,0.005382850919815055
feature_probe_dynamics,1,0.8899999999999996,0.9866536458333334,0.6666666666666666,0.047619047619047616,0.08888888888888889,0.9965503693226465,0.7683074993808583,0.005382850919815055
feature_probe_dynamics,1,0.8999999999999996,0.9866536458333334,0.6666666666666666,0.047619047619047616,0.08888888888888889,0.9965503693226465,0.7683074993808583,0.005382850919815055
feature_probe_dynamics,2,0.1,0.9830795262267343,0.5125,0.7884615384615384,0.6212121212121212,0.9813687432099419,0.7300948326550943,0.0083382839008907
feature_probe_dynamics,2,0.11,0.9834179357021997,0.5194805194805194,0.7692307692307693,0.6201550387596899,0.9813687432099419,0.7300948326550943,0.0083382839008907
feature_probe_dynamics,2,0.12,0.9840947546531302,0.5333333333333333,0.7692307692307693,0.6299212598425197,0.9813687432099419,0.7300948326550943,0.0083382839008907
feature_probe_dynamics,2,0.13,0.9844331641285956,0.5416666666666666,0.75,0.6290322580645161,0.9813687432099419,0.7300948326550943,0.0083382839008907
feature_probe_dynamics,2,0.13999999999999999,0.9851099830795262,0.5588235294117647,0.7307692307692307,0.6333333333333333,0.9813687432099419,0.7300948326550943,0.0083382839008907
feature_probe_dynamics,2,0.14999999999999997,0.9847715736040609,0.5538461538461539,0.6923076923076923,0.6153846153846154,0.9813687432099419,0.7300948326550943,0.0083382839008907
feature_probe_dynamics,2,0.15999999999999998,0.9847715736040609,0.5538461538461539,0.6923076923076923,0.6153846153846154,0.9813687432099419,0.7300948326550943,0.0083382839008907
feature_probe_dynamics,2,0.16999999999999998,0.9851099830795262,0.5625,0.6923076923076923,0.6206896551724138,0.9813687432099419,0.7300948326550943,0.0083382839008907
feature_probe_dynamics,2,0.17999999999999997,0.9854483925549915,0.5714285714285714,0.6923076923076923,0.6260869565217392,0.9813687432099419,0.7300948326550943,0.0083382839008907
feature_probe_dynamics,2,0.18999999999999995,0.9857868020304569,0.5806451612903226,0.6923076923076923,0.631578947368421,0.9813687432099419,0.7300948326550943,0.0083382839008907
feature_probe_dynamics,2,0.19999999999999996,0.9868020304568528,0.6140350877192983,0.6730769230769231,0.6422018348623854,0.9813687432099419,0.7300948326550943,0.0083382839008907
feature_probe_dynamics,2,0.20999999999999996,0.9871404399323181,0.625,0.6730769230769231,0.6481481481481481,0.9813687432099419,0.7300948326550943,0.0083382839008907
feature_probe_dynamics,2,0.21999999999999995,0.9874788494077834,0.6415094339622641,0.6538461538461539,0.6476190476190476,0.9813687432099419,0.7300948326550943,0.0083382839008907
feature_probe_dynamics,2,0.22999999999999995,0.9874788494077834,0.6470588235294118,0.6346153846153846,0.6407766990291263,0.9813687432099419,0.7300948326550943,0.0083382839008907
feature_probe_dynamics,2,0.23999999999999994,0.9888324873096447,0.7021276595744681,0.6346153846153846,0.6666666666666666,0.9813687432099419,0.7300948326550943,0.0083382839008907
feature_probe_dynamics,2,0.24999999999999992,0.9891708967851099,0.717391304347826,0.6346153846153846,0.673469387755102,0.9813687432099419,0.7300948326550943,0.0083382839008907
feature_probe_dynamics,2,0.2599999999999999,0.9891708967851099,0.717391304347826,0.6346153846153846,0.673469387755102,0.9813687432099419,0.7300948326550943,0.0083382839008907
feature_probe_dynamics,2,0.2699999999999999,0.9895093062605753,0.7333333333333333,0.6346153846153846,0.6804123711340206,0.9813687432099419,0.7300948326550943,0.0083382839008907
feature_probe_dynamics,2,0.2799999999999999,0.9898477157360406,0.75,0.6346153846153846,0.6875,0.9813687432099419,0.7300948326550943,0.0083382839008907
feature_probe_dynamics,2,0.2899999999999999,0.990186125211506,0.7674418604651163,0.6346153846153846,0.6947368421052632,0.9813687432099419,0.7300948326550943,0.0083382839008907
feature_probe_dynamics,2,0.29999999999999993,0.990186125211506,0.7674418604651163,0.6346153846153846,0.6947368421052632,0.9813687432099419,0.7300948326550943,0.0083382839008907
feature_probe_dynamics,2,0.30999999999999994,0.9905245346869712,0.7857142857142857,0.6346153846153846,0.7021276595744681,0.9813687432099419,0.7300948326550943,0.0083382839008907
feature_probe_dynamics,2,0.3199999999999999,0.9908629441624366,0.8048780487804879,0.6346153846153846,0.7096774193548387,0.9813687432099419,0.7300948326550943,0.0083382839008907
feature_probe_dynamics,2,0.32999999999999985,0.9908629441624366,0.8048780487804879,0.6346153846153846,0.7096774193548387,0.9813687432099419,0.7300948326550943,0.0083382839008907
feature_probe_dynamics,2,0.33999999999999986,0.9908629441624366,0.8048780487804879,0.6346153846153846,0.7096774193548387,0.9813687432099419,0.7300948326550943,0.0083382839008907
feature_probe_dynamics,2,0.34999999999999987,0.9908629441624366,0.8048780487804879,0.6346153846153846,0.7096774193548387,0.9813687432099419,0.7300948326550943,0.0083382839008907
feature_probe_dynamics,2,0.3599999999999999,0.9905245346869712,0.8,0.6153846153846154,0.6956521739130435,0.9813687432099419,0.7300948326550943,0.0083382839008907
feature_probe_dynamics,2,0.3699999999999999,0.9898477157360406,0.7894736842105263,0.5769230769230769,0.6666666666666666,0.9813687432099419,0.7300948326550943,0.0083382839008907
feature_probe_dynamics,2,0.3799999999999999,0.9898477157360406,0.7894736842105263,0.5769230769230769,0.6666666666666666,0.9813687432099419,0.7300948326550943,0.0083382839008907
feature_probe_dynamics,2,0.3899999999999999,0.990186125211506,0.8108108108108109,0.5769230769230769,0.6741573033707865,0.9813687432099419,0.7300948326550943,0.0083382839008907
feature_probe_dynamics,2,0.3999999999999998,0.990186125211506,0.8108108108108109,0.5769230769230769,0.6741573033707865,0.9813687432099419,0.7300948326550943,0.0083382839008907
feature_probe_dynamics,2,0.4099999999999998,0.990186125211506,0.8108108108108109,0.5769230769230769,0.6741573033707865,0.9813687432099419,0.7300948326550943,0.0083382839008907
feature_probe_dynamics,2,0.4199999999999998,0.990186125211506,0.8108108108108109,0.5769230769230769,0.6741573033707865,0.9813687432099419,0.7300948326550943,0.0083382839008907
feature_probe_dynamics,2,0.4299999999999998,0.990186125211506,0.8108108108108109,0.5769230769230769,0.6741573033707865,0.9813687432099419,0.7300948326550943,0.0083382839008907
feature_probe_dynamics,2,0.43999999999999984,0.9908629441624366,0.8571428571428571,0.5769230769230769,0.6896551724137931,0.9813687432099419,0.7300948326550943,0.0083382839008907
feature_probe_dynamics,2,0.44999999999999984,0.9905245346869712,0.8529411764705882,0.5576923076923077,0.6744186046511628,0.9813687432099419,0.7300948326550943,0.0083382839008907
feature_probe_dynamics,2,0.45999999999999985,0.9905245346869712,0.8529411764705882,0.5576923076923077,0.6744186046511628,0.9813687432099419,0.7300948326550943,0.0083382839008907
feature_probe_dynamics,2,0.46999999999999986,0.990186125211506,0.8484848484848485,0.5384615384615384,0.6588235294117647,0.9813687432099419,0.7300948326550943,0.0083382839008907
feature_probe_dynamics,2,0.47999999999999976,0.990186125211506,0.8484848484848485,0.5384615384615384,0.6588235294117647,0.9813687432099419,0.7300948326550943,0.0083382839008907
feature_probe_dynamics,2,0.48999999999999977,0.9898477157360406,0.84375,0.5192307692307693,0.6428571428571429,0.9813687432099419,0.7300948326550943,0.0083382839008907
feature_probe_dynamics,2,0.4999999999999998,0.9895093062605753,0.8387096774193549,0.5,0.6265060240963856,0.9813687432099419,0.7300948326550943,0.0083382839008907
feature_probe_dynamics,2,0.5099999999999998,0.9898477157360406,0.8666666666666667,0.5,0.6341463414634146,0.9813687432099419,0.7300948326550943,0.0083382839008907
feature_probe_dynamics,2,0.5199999999999998,0.9895093062605753,0.8620689655172413,0.4807692307692308,0.6172839506172839,0.9813687432099419,0.7300948326550943,0.0083382839008907
feature_probe_dynamics,2,0.5299999999999998,0.9898477157360406,0.8928571428571429,0.4807692307692308,0.625,0.9813687432099419,0.7300948326550943,0.0083382839008907
feature_probe_dynamics,2,0.5399999999999998,0.9898477157360406,0.8928571428571429,0.4807692307692308,0.625,0.9813687432099419,0.7300948326550943,0.0083382839008907
feature_probe_dynamics,2,0.5499999999999998,0.9895093062605753,0.8888888888888888,0.46153846153846156,0.6075949367088608,0.9813687432099419,0.7300948326550943,0.0083382839008907
feature_probe_dynamics,2,0.5599999999999997,0.9891708967851099,0.8846153846153846,0.4423076923076923,0.5897435897435898,0.9813687432099419,0.7300948326550943,0.0083382839008907
feature_probe_dynamics,2,0.5699999999999997,0.9891708967851099,0.8846153846153846,0.4423076923076923,0.5897435897435898,0.9813687432099419,0.7300948326550943,0.0083382839008907
feature_probe_dynamics,2,0.5799999999999997,0.9888324873096447,0.88,0.4230769230769231,0.5714285714285714,0.9813687432099419,0.7300948326550943,0.0083382839008907
feature_probe_dynamics,2,0.5899999999999997,0.9884940778341793,0.875,0.40384615384615385,0.5526315789473685,0.9813687432099419,0.7300948326550943,0.0083382839008907
feature_probe_dynamics,2,0.5999999999999998,0.988155668358714,0.8695652173913043,0.38461538461538464,0.5333333333333333,0.9813687432099419,0.7300948326550943,0.0083382839008907
feature_probe_dynamics,2,0.6099999999999998,0.9884940778341793,0.95,0.36538461538461536,0.5277777777777778,0.9813687432099419,0.7300948326550943,0.0083382839008907
feature_probe_dynamics,2,0.6199999999999998,0.9884940778341793,0.95,0.36538461538461536,0.5277777777777778,0.9813687432099419,0.7300948326550943,0.0083382839008907
feature_probe_dynamics,2,0.6299999999999997,0.9884940778341793,0.95,0.36538461538461536,0.5277777777777778,0.9813687432099419,0.7300948326550943,0.0083382839008907
feature_probe_dynamics,2,0.6399999999999997,0.9884940778341793,0.95,0.36538461538461536,0.5277777777777778,0.9813687432099419,0.7300948326550943,0.0083382839008907
feature_probe_dynamics,2,0.6499999999999997,0.9878172588832488,0.9444444444444444,0.3269230769230769,0.4857142857142857,0.9813687432099419,0.7300948326550943,0.0083382839008907
feature_probe_dynamics,2,0.6599999999999997,0.9878172588832488,0.9444444444444444,0.3269230769230769,0.4857142857142857,0.9813687432099419,0.7300948326550943,0.0083382839008907
feature_probe_dynamics,2,0.6699999999999997,0.9871404399323181,0.9375,0.28846153846153844,0.4411764705882353,0.9813687432099419,0.7300948326550943,0.0083382839008907
feature_probe_dynamics,2,0.6799999999999997,0.9871404399323181,0.9375,0.28846153846153844,0.4411764705882353,0.9813687432099419,0.7300948326550943,0.0083382839008907
feature_probe_dynamics,2,0.6899999999999997,0.9871404399323181,0.9375,0.28846153846153844,0.4411764705882353,0.9813687432099419,0.7300948326550943,0.0083382839008907
feature_probe_dynamics,2,0.6999999999999996,0.9868020304568528,0.9333333333333333,0.2692307692307692,0.417910447761194,0.9813687432099419,0.7300948326550943,0.0083382839008907
feature_probe_dynamics,2,0.7099999999999996,0.9864636209813875,0.9285714285714286,0.25,0.3939393939393939,0.9813687432099419,0.7300948326550943,0.0083382839008907
feature_probe_dynamics,2,0.7199999999999996,0.9861252115059221,0.9230769230769231,0.23076923076923078,0.36923076923076925,0.9813687432099419,0.7300948326550943,0.0083382839008907
feature_probe_dynamics,2,0.7299999999999996,0.9861252115059221,0.9230769230769231,0.23076923076923078,0.36923076923076925,0.9813687432099419,0.7300948326550943,0.0083382839008907
feature_probe_dynamics,2,0.7399999999999997,0.9861252115059221,0.9230769230769231,0.23076923076923078,0.36923076923076925,0.9813687432099419,0.7300948326550943,0.0083382839008907
feature_probe_dynamics,2,0.7499999999999997,0.9857868020304569,0.9166666666666666,0.21153846153846154,0.34375,0.9813687432099419,0.7300948326550943,0.0083382839008907
feature_probe_dynamics,2,0.7599999999999997,0.9854483925549915,0.9090909090909091,0.19230769230769232,0.31746031746031744,0.9813687432099419,0.7300948326550943,0.0083382839008907
feature_probe_dynamics,2,0.7699999999999997,0.9851099830795262,0.9,0.17307692307692307,0.2903225806451613,0.9813687432099419,0.7300948326550943,0.0083382839008907
feature_probe_dynamics,2,0.7799999999999997,0.9851099830795262,0.9,0.17307692307692307,0.2903225806451613,0.9813687432099419,0.7300948326550943,0.0083382839008907
feature_probe_dynamics,2,0.7899999999999996,0.9851099830795262,0.9,0.17307692307692307,0.2903225806451613,0.9813687432099419,0.7300948326550943,0.0083382839008907
feature_probe_dynamics,2,0.7999999999999996,0.9847715736040609,0.8888888888888888,0.15384615384615385,0.26229508196721313,0.9813687432099419,0.7300948326550943,0.0083382839008907
feature_probe_dynamics,2,0.8099999999999996,0.9840947546531302,0.8571428571428571,0.11538461538461539,0.2033898305084746,0.9813687432099419,0.7300948326550943,0.0083382839008907
feature_probe_dynamics,2,0.8199999999999996,0.9840947546531302,0.8571428571428571,0.11538461538461539,0.2033898305084746,0.9813687432099419,0.7300948326550943,0.0083382839008907
feature_probe_dynamics,2,0.8299999999999996,0.9830795262267343,0.75,0.057692307692307696,0.10714285714285714,0.9813687432099419,0.7300948326550943,0.0083382839008907
feature_probe_dynamics,2,0.8399999999999996,0.9830795262267343,0.75,0.057692307692307696,0.10714285714285714,0.9813687432099419,0.7300948326550943,0.0083382839008907
feature_probe_dynamics,2,0.8499999999999996,0.9830795262267343,0.75,0.057692307692307696,0.10714285714285714,0.9813687432099419,0.7300948326550943,0.0083382839008907
feature_probe_dynamics,2,0.8599999999999995,0.9830795262267343,0.75,0.057692307692307696,0.10714285714285714,0.9813687432099419,0.7300948326550943,0.0083382839008907
feature_probe_dynamics,2,0.8699999999999996,0.9834179357021997,1.0,0.057692307692307696,0.10909090909090909,0.9813687432099419,0.7300948326550943,0.0083382839008907
feature_probe_dynamics,2,0.8799999999999996,0.9834179357021997,1.0,0.057692307692307696,0.10909090909090909,0.9813687432099419,0.7300948326550943,0.0083382839008907
feature_probe_dynamics,2,0.8899999999999996,0.9834179357021997,1.0,0.057692307692307696,0.10909090909090909,0.9813687432099419,0.7300948326550943,0.0083382839008907
feature_probe_dynamics,2,0.8999999999999996,0.9834179357021997,1.0,0.057692307692307696,0.10909090909090909,0.9813687432099419,0.7300948326550943,0.0083382839008907
feature_probe_dynamics,3,0.1,0.9755168661588683,0.4968553459119497,0.8876404494382022,0.6370967741935484,0.9917367021359905,0.7724743433323434,0.010966003674757955
feature_probe_dynamics,3,0.11,0.9763329706202394,0.5064935064935064,0.8764044943820225,0.6419753086419753,0.9917367021359905,0.7724743433323434,0.010966003674757955
feature_probe_dynamics,3,0.12,0.9768770402611534,0.5135135135135135,0.8539325842696629,0.6413502109704642,0.9917367021359905,0.7724743433323434,0.010966003674757955
feature_probe_dynamics,3,0.13,0.9776931447225244,0.524822695035461,0.8314606741573034,0.6434782608695652,0.9917367021359905,0.7724743433323434,0.010966003674757955
feature_probe_dynamics,3,0.13999999999999999,0.9782372143634385,0.5333333333333333,0.8089887640449438,0.6428571428571429,0.9917367021359905,0.7724743433323434,0.010966003674757955
feature_probe_dynamics,3,0.14999999999999997,0.9795973884657236,0.5538461538461539,0.8089887640449438,0.6575342465753424,0.9917367021359905,0.7724743433323434,0.010966003674757955
feature_probe_dynamics,3,0.15999999999999998,0.9801414581066377,0.5645161290322581,0.7865168539325843,0.6572769953051644,0.9917367021359905,0.7724743433323434,0.010966003674757955
feature_probe_dynamics,3,0.16999999999999998,0.9804134929270947,0.5714285714285714,0.7640449438202247,0.6538461538461539,0.9917367021359905,0.7724743433323434,0.010966003674757955
feature_probe_dynamics,3,0.17999999999999997,0.9815016322089227,0.5929203539823009,0.7528089887640449,0.6633663366336634,0.9917367021359905,0.7724743433323434,0.010966003674757955
feature_probe_dynamics,3,0.18999999999999995,0.9812295973884657,0.5892857142857143,0.7415730337078652,0.6567164179104478,0.9917367021359905,0.7724743433323434,0.010966003674757955
feature_probe_dynamics,3,0.19999999999999996,0.9820457018498367,0.6074766355140186,0.7303370786516854,0.6632653061224489,0.9917367021359905,0.7724743433323434,0.010966003674757955
feature_probe_dynamics,3,0.20999999999999996,0.9823177366702938,0.6153846153846154,0.7191011235955056,0.6632124352331606,0.9917367021359905,0.7724743433323434,0.010966003674757955
feature_probe_dynamics,3,0.21999999999999995,0.9823177366702938,0.62,0.6966292134831461,0.656084656084656,0.9917367021359905,0.7724743433323434,0.010966003674757955
feature_probe_dynamics,3,0.22999999999999995,0.9825897714907508,0.631578947368421,0.6741573033707865,0.6521739130434783,0.9917367021359905,0.7724743433323434,0.010966003674757955
feature_probe_dynamics,3,0.23999999999999994,0.9831338411316648,0.6451612903225806,0.6741573033707865,0.6593406593406593,0.9917367021359905,0.7724743433323434,0.010966003674757955
feature_probe_dynamics,3,0.24999999999999992,0.98449401523395,0.6818181818181818,0.6741573033707865,0.6779661016949152,0.9917367021359905,0.7724743433323434,0.010966003674757955
feature_probe_dynamics,3,0.2599999999999999,0.984766050054407,0.6896551724137931,0.6741573033707865,0.6818181818181818,0.9917367021359905,0.7724743433323434,0.010966003674757955
feature_probe_dynamics,3,0.2699999999999999,0.985038084874864,0.7023809523809523,0.6629213483146067,0.6820809248554913,0.9917367021359905,0.7724743433323434,0.010966003674757955
feature_probe_dynamics,3,0.2799999999999999,0.984766050054407,0.7037037037037037,0.6404494382022472,0.6705882352941176,0.9917367021359905,0.7724743433323434,0.010966003674757955
feature_probe_dynamics,3,0.2899999999999999,0.985310119695321,0.7215189873417721,0.6404494382022472,0.6785714285714286,0.9917367021359905,0.7724743433323434,0.010966003674757955
feature_probe_dynamics,3,0.29999999999999993,0.985582154515778,0.7307692307692307,0.6404494382022472,0.6826347305389222,0.9917367021359905,0.7724743433323434,0.010966003674757955
feature_probe_dynamics,3,0.30999999999999994,0.985310119695321,0.7333333333333333,0.6179775280898876,0.6707317073170732,0.9917367021359905,0.7724743433323434,0.010966003674757955
feature_probe_dynamics,3,0.3199999999999999,0.984766050054407,0.7323943661971831,0.5842696629213483,0.65,0.9917367021359905,0.7724743433323434,0.010966003674757955
feature_probe_dynamics,3,0.32999999999999985,0.984766050054407,0.7323943661971831,0.5842696629213483,0.65,0.9917367021359905,0.7724743433323434,0.010966003674757955
feature_probe_dynamics,3,0.33999999999999986,0.985038084874864,0.7428571428571429,0.5842696629213483,0.6540880503144654,0.9917367021359905,0.7724743433323434,0.010966003674757955
feature_probe_dynamics,3,0.34999999999999987,0.985582154515778,0.7647058823529411,0.5842696629213483,0.6624203821656051,0.9917367021359905,0.7724743433323434,0.010966003674757955
feature_probe_dynamics,3,0.3599999999999999,0.985854189336235,0.7761194029850746,0.5842696629213483,0.6666666666666666,0.9917367021359905,0.7724743433323434,0.010966003674757955
feature_probe_dynamics,3,0.3699999999999999,0.985582154515778,0.7727272727272727,0.5730337078651685,0.6580645161290323,0.9917367021359905,0.7724743433323434,0.010966003674757955
feature_probe_dynamics,3,0.3799999999999999,0.984766050054407,0.7619047619047619,0.5393258426966292,0.631578947368421,0.9917367021359905,0.7724743433323434,0.010966003674757955
feature_probe_dynamics,3,0.3899999999999999,0.984766050054407,0.7619047619047619,0.5393258426966292,0.631578947368421,0.9917367021359905,0.7724743433323434,0.010966003674757955
feature_probe_dynamics,3,0.3999999999999998,0.985038084874864,0.7741935483870968,0.5393258426966292,0.6357615894039735,0.9917367021359905,0.7724743433323434,0.010966003674757955
feature_probe_dynamics,3,0.4099999999999998,0.98449401523395,0.7666666666666667,0.5168539325842697,0.6174496644295302,0.9917367021359905,0.7724743433323434,0.010966003674757955
feature_probe_dynamics,3,0.4199999999999998,0.984766050054407,0.7796610169491526,0.5168539325842697,0.6216216216216216,0.9917367021359905,0.7724743433323434,0.010966003674757955
feature_probe_dynamics,3,0.4299999999999998,0.98449401523395,0.7758620689655172,0.5056179775280899,0.6122448979591837,0.9917367021359905,0.7724743433323434,0.010966003674757955
feature_probe_dynamics,3,0.43999999999999984,0.98449401523395,0.7857142857142857,0.4943820224719101,0.6068965517241379,0.9917367021359905,0.7724743433323434,0.010966003674757955
feature_probe_dynamics,3,0.44999999999999984,0.98449401523395,0.7857142857142857,0.4943820224719101,0.6068965517241379,0.9917367021359905,0.7724743433323434,0.010966003674757955
feature_probe_dynamics,3,0.45999999999999985,0.984766050054407,0.8,0.4943820224719101,0.6111111111111112,0.9917367021359905,0.7724743433323434,0.010966003674757955
feature_probe_dynamics,3,0.46999999999999986,0.984766050054407,0.8,0.4943820224719101,0.6111111111111112,0.9917367021359905,0.7724743433323434,0.010966003674757955
feature_probe_dynamics,3,0.47999999999999976,0.98449401523395,0.7962962962962963,0.48314606741573035,0.6013986013986014,0.9917367021359905,0.7724743433323434,0.010966003674757955
feature_probe_dynamics,3,0.48999999999999977,0.98449401523395,0.8076923076923077,0.47191011235955055,0.5957446808510638,0.9917367021359905,0.7724743433323434,0.010966003674757955
feature_probe_dynamics,3,0.4999999999999998,0.98449401523395,0.82,0.4606741573033708,0.5899280575539568,0.9917367021359905,0.7724743433323434,0.010966003674757955
feature_probe_dynamics,3,0.5099999999999998,0.984766050054407,0.8367346938775511,0.4606741573033708,0.5942028985507246,0.9917367021359905,0.7724743433323434,0.010966003674757955
feature_probe_dynamics,3,0.5199999999999998,0.984766050054407,0.8367346938775511,0.4606741573033708,0.5942028985507246,0.9917367021359905,0.7724743433323434,0.010966003674757955
feature_probe_dynamics,3,0.5299999999999998,0.984221980413493,0.8297872340425532,0.43820224719101125,0.5735294117647058,0.9917367021359905,0.7724743433323434,0.010966003674757955
feature_probe_dynamics,3,0.5399999999999998,0.983949945593036,0.8409090909090909,0.4157303370786517,0.556390977443609,0.9917367021359905,0.7724743433323434,0.010966003674757955
feature_probe_dynamics,3,0.5499999999999998,0.983949945593036,0.8571428571428571,0.4044943820224719,0.549618320610687,0.9917367021359905,0.7724743433323434,0.010966003674757955
feature_probe_dynamics,3,0.5599999999999997,0.983949945593036,0.8571428571428571,0.4044943820224719,0.549618320610687,0.9917367021359905,0.7724743433323434,0.010966003674757955
feature_probe_dynamics,3,0.5699999999999997,0.984221980413493,0.8974358974358975,0.39325842696629215,0.546875,0.9917367021359905,0.7724743433323434,0.010966003674757955
feature_probe_dynamics,3,0.5799999999999997,0.984766050054407,0.9459459459459459,0.39325842696629215,0.5555555555555556,0.9917367021359905,0.7724743433323434,0.010966003674757955
feature_probe_dynamics,3,0.5899999999999997,0.984766050054407,0.9459459459459459,0.39325842696629215,0.5555555555555556,0.9917367021359905,0.7724743433323434,0.010966003674757955
feature_probe_dynamics,3,0.5999999999999998,0.984766050054407,0.9459459459459459,0.39325842696629215,0.5555555555555556,0.9917367021359905,0.7724743433323434,0.010966003674757955
feature_probe_dynamics,3,0.6099999999999998,0.984766050054407,0.9459459459459459,0.39325842696629215,0.5555555555555556,0.9917367021359905,0.7724743433323434,0.010966003674757955
feature_probe_dynamics,3,0.6199999999999998,0.984766050054407,0.9459459459459459,0.39325842696629215,0.5555555555555556,0.9917367021359905,0.7724743433323434,0.010966003674757955
feature_probe_dynamics,3,0.6299999999999997,0.98449401523395,0.9444444444444444,0.38202247191011235,0.544,0.9917367021359905,0.7724743433323434,0.010966003674757955
feature_probe_dynamics,3,0.6399999999999997,0.983949945593036,0.9411764705882353,0.3595505617977528,0.5203252032520326,0.9917367021359905,0.7724743433323434,0.010966003674757955
feature_probe_dynamics,3,0.6499999999999997,0.983949945593036,0.9411764705882353,0.3595505617977528,0.5203252032520326,0.9917367021359905,0.7724743433323434,0.010966003674757955
feature_probe_dynamics,3,0.6599999999999997,0.984221980413493,0.9696969696969697,0.3595505617977528,0.5245901639344263,0.9917367021359905,0.7724743433323434,0.010966003674757955
feature_probe_dynamics,3,0.6699999999999997,0.983949945593036,0.96875,0.34831460674157305,0.512396694214876,0.9917367021359905,0.7724743433323434,0.010966003674757955
feature_probe_dynamics,3,0.6799999999999997,0.9834058759521219,0.9666666666666667,0.3258426966292135,0.48739495798319327,0.9917367021359905,0.7724743433323434,0.010966003674757955
feature_probe_dynamics,3,0.6899999999999997,0.9828618063112078,0.9642857142857143,0.30337078651685395,0.46153846153846156,0.9917367021359905,0.7724743433323434,0.010966003674757955
feature_probe_dynamics,3,0.6999999999999996,0.9825897714907508,0.9629629629629629,0.29213483146067415,0.4482758620689655,0.9917367021359905,0.7724743433323434,0.010966003674757955
feature_probe_dynamics,3,0.7099999999999996,0.9825897714907508,0.9629629629629629,0.29213483146067415,0.4482758620689655,0.9917367021359905,0.7724743433323434,0.010966003674757955
feature_probe_dynamics,3,0.7199999999999996,0.9825897714907508,0.9629629629629629,0.29213483146067415,0.4482758620689655,0.9917367021359905,0.7724743433323434,0.010966003674757955
feature_probe_dynamics,3,0.7299999999999996,0.9823177366702938,0.9615384615384616,0.2808988764044944,0.43478260869565216,0.9917367021359905,0.7724743433323434,0.010966003674757955
feature_probe_dynamics,3,0.7399999999999997,0.9817736670293797,0.9583333333333334,0.25842696629213485,0.40707964601769914,0.9917367021359905,0.7724743433323434,0.010966003674757955
feature_probe_dynamics,3,0.7499999999999997,0.9815016322089227,0.9565217391304348,0.24719101123595505,0.39285714285714285,0.9917367021359905,0.7724743433323434,0.010966003674757955
feature_probe_dynamics,3,0.7599999999999997,0.9809575625680087,0.9523809523809523,0.2247191011235955,0.36363636363636365,0.9917367021359905,0.7724743433323434,0.010966003674757955
feature_probe_dynamics,3,0.7699999999999997,0.9809575625680087,0.9523809523809523,0.2247191011235955,0.36363636363636365,0.9917367021359905,0.7724743433323434,0.010966003674757955
feature_probe_dynamics,3,0.7799999999999997,0.9806855277475517,0.95,0.21348314606741572,0.3486238532110092,0.9917367021359905,0.7724743433323434,0.010966003674757955
feature_probe_dynamics,3,0.7899999999999996,0.9806855277475517,0.95,0.21348314606741572,0.3486238532110092,0.9917367021359905,0.7724743433323434,0.010966003674757955
feature_probe_dynamics,3,0.7999999999999996,0.9801414581066377,0.9444444444444444,0.19101123595505617,0.3177570093457944,0.9917367021359905,0.7724743433323434,0.010966003674757955
feature_probe_dynamics,3,0.8099999999999996,0.9798694232861807,0.9411764705882353,0.1797752808988764,0.3018867924528302,0.9917367021359905,0.7724743433323434,0.010966003674757955
feature_probe_dynamics,3,0.8199999999999996,0.9798694232861807,0.9411764705882353,0.1797752808988764,0.3018867924528302,0.9917367021359905,0.7724743433323434,0.010966003674757955
feature_probe_dynamics,3,0.8299999999999996,0.9798694232861807,0.9411764705882353,0.1797752808988764,0.3018867924528302,0.9917367021359905,0.7724743433323434,0.010966003674757955
feature_probe_dynamics,3,0.8399999999999996,0.9795973884657236,0.9375,0.16853932584269662,0.2857142857142857,0.9917367021359905,0.7724743433323434,0.010966003674757955
feature_probe_dynamics,3,0.8499999999999996,0.9795973884657236,1.0,0.15730337078651685,0.27184466019417475,0.9917367021359905,0.7724743433323434,0.010966003674757955
feature_probe_dynamics,3,0.8599999999999995,0.9795973884657236,1.0,0.15730337078651685,0.27184466019417475,0.9917367021359905,0.7724743433323434,0.010966003674757955
feature_probe_dynamics,3,0.8699999999999996,0.9795973884657236,1.0,0.15730337078651685,0.27184466019417475,0.9917367021359905,0.7724743433323434,0.010966003674757955
feature_probe_dynamics,3,0.8799999999999996,0.9793253536452666,1.0,0.14606741573033707,0.2549019607843137,0.9917367021359905,0.7724743433323434,0.010966003674757955
feature_probe_dynamics,3,0.8899999999999996,0.9787812840043526,1.0,0.12359550561797752,0.22,0.9917367021359905,0.7724743433323434,0.010966003674757955
feature_probe_dynamics,3,0.8999999999999996,0.9782372143634385,1.0,0.10112359550561797,0.1836734693877551,0.9917367021359905,0.7724743433323434,0.010966003674757955
feature_probe_dynamics_history,1,0.1,0.9820963541666666,0.43010752688172044,0.9523809523809523,0.5925925925925926,0.9964953638220966,0.7823952874717985,0.005332572042978209
feature_probe_dynamics_history,1,0.11,0.9830729166666666,0.4444444444444444,0.9523809523809523,0.6060606060606061,0.9964953638220966,0.7823952874717985,0.005332572042978209
feature_probe_dynamics_history,1,0.12,0.9840494791666666,0.45977011494252873,0.9523809523809523,0.6201550387596899,0.9964953638220966,0.7823952874717985,0.005332572042978209
feature_probe_dynamics_history,1,0.13,0.9850260416666666,0.47619047619047616,0.9523809523809523,0.6349206349206349,0.9964953638220966,0.7823952874717985,0.005332572042978209
feature_probe_dynamics_history,1,0.13999999999999999,0.9856770833333334,0.4878048780487805,0.9523809523809523,0.6451612903225806,0.9964953638220966,0.7823952874717985,0.005332572042978209
feature_probe_dynamics_history,1,0.14999999999999997,0.986328125,0.5,0.9523809523809523,0.6557377049180327,0.9964953638220966,0.7823952874717985,0.005332572042978209
feature_probe_dynamics_history,1,0.15999999999999998,0.9869791666666666,0.5135135135135135,0.9047619047619048,0.6551724137931034,0.9964953638220966,0.7823952874717985,0.005332572042978209
feature_probe_dynamics_history,1,0.16999999999999998,0.9873046875,0.5205479452054794,0.9047619047619048,0.6608695652173913,0.9964953638220966,0.7823952874717985,0.005332572042978209
feature_probe_dynamics_history,1,0.17999999999999997,0.98828125,0.5428571428571428,0.9047619047619048,0.6785714285714286,0.9964953638220966,0.7823952874717985,0.005332572042978209
feature_probe_dynamics_history,1,0.18999999999999995,0.9892578125,0.5671641791044776,0.9047619047619048,0.6972477064220184,0.9964953638220966,0.7823952874717985,0.005332572042978209
feature_probe_dynamics_history,1,0.19999999999999996,0.9892578125,0.5671641791044776,0.9047619047619048,0.6972477064220184,0.9964953638220966,0.7823952874717985,0.005332572042978209
feature_probe_dynamics_history,1,0.20999999999999996,0.9899088541666666,0.5846153846153846,0.9047619047619048,0.7102803738317757,0.9964953638220966,0.7823952874717985,0.005332572042978209
feature_probe_dynamics_history,1,0.21999999999999995,0.9905598958333334,0.6031746031746031,0.9047619047619048,0.7238095238095238,0.9964953638220966,0.7823952874717985,0.005332572042978209
feature_probe_dynamics_history,1,0.22999999999999995,0.9905598958333334,0.6065573770491803,0.8809523809523809,0.7184466019417476,0.9964953638220966,0.7823952874717985,0.005332572042978209
feature_probe_dynamics_history,1,0.23999999999999994,0.9905598958333334,0.6065573770491803,0.8809523809523809,0.7184466019417476,0.9964953638220966,0.7823952874717985,0.005332572042978209
feature_probe_dynamics_history,1,0.24999999999999992,0.9905598958333334,0.6065573770491803,0.8809523809523809,0.7184466019417476,0.9964953638220966,0.7823952874717985,0.005332572042978209
feature_probe_dynamics_history,1,0.2599999999999999,0.9915364583333334,0.6379310344827587,0.8809523809523809,0.74,0.9964953638220966,0.7823952874717985,0.005332572042978209
feature_probe_dynamics_history,1,0.2699999999999999,0.9918619791666666,0.6491228070175439,0.8809523809523809,0.7474747474747475,0.9964953638220966,0.7823952874717985,0.005332572042978209
feature_probe_dynamics_history,1,0.2799999999999999,0.9921875,0.6666666666666666,0.8571428571428571,0.75,0.9964953638220966,0.7823952874717985,0.005332572042978209
feature_probe_dynamics_history,1,0.2899999999999999,0.9921875,0.6666666666666666,0.8571428571428571,0.75,0.9964953638220966,0.7823952874717985,0.005332572042978209
feature_probe_dynamics_history,1,0.29999999999999993,0.9918619791666666,0.660377358490566,0.8333333333333334,0.7368421052631579,0.9964953638220966,0.7823952874717985,0.005332572042978209
feature_probe_dynamics_history,1,0.30999999999999994,0.9921875,0.6730769230769231,0.8333333333333334,0.7446808510638298,0.9964953638220966,0.7823952874717985,0.005332572042978209
feature_probe_dynamics_history,1,0.3199999999999999,0.9921875,0.6730769230769231,0.8333333333333334,0.7446808510638298,0.9964953638220966,0.7823952874717985,0.005332572042978209
feature_probe_dynamics_history,1,0.32999999999999985,0.9921875,0.68,0.8095238095238095,0.7391304347826086,0.9964953638220966,0.7823952874717985,0.005332572042978209
feature_probe_dynamics_history,1,0.33999999999999986,0.9925130208333334,0.7021276595744681,0.7857142857142857,0.7415730337078652,0.9964953638220966,0.7823952874717985,0.005332572042978209
feature_probe_dynamics_history,1,0.34999999999999987,0.9928385416666666,0.717391304347826,0.7857142857142857,0.75,0.9964953638220966,0.7823952874717985,0.005332572042978209
feature_probe_dynamics_history,1,0.3599999999999999,0.9931640625,0.7333333333333333,0.7857142857142857,0.7586206896551724,0.9964953638220966,0.7823952874717985,0.005332572042978209
feature_probe_dynamics_history,1,0.3699999999999999,0.9931640625,0.7333333333333333,0.7857142857142857,0.7586206896551724,0.9964953638220966,0.7823952874717985,0.005332572042978209
feature_probe_dynamics_history,1,0.3799999999999999,0.9931640625,0.7441860465116279,0.7619047619047619,0.7529411764705882,0.9964953638220966,0.7823952874717985,0.005332572042978209
feature_probe_dynamics_history,1,0.3899999999999999,0.9931640625,0.7441860465116279,0.7619047619047619,0.7529411764705882,0.9964953638220966,0.7823952874717985,0.005332572042978209
feature_probe_dynamics_history,1,0.3999999999999998,0.9934895833333334,0.7619047619047619,0.7619047619047619,0.7619047619047619,0.9964953638220966,0.7823952874717985,0.005332572042978209
feature_probe_dynamics_history,1,0.4099999999999998,0.9934895833333334,0.7619047619047619,0.7619047619047619,0.7619047619047619,0.9964953638220966,0.7823952874717985,0.005332572042978209
feature_probe_dynamics_history,1,0.4199999999999998,0.9938151041666666,0.7804878048780488,0.7619047619047619,0.7710843373493976,0.9964953638220966,0.7823952874717985,0.005332572042978209
feature_probe_dynamics_history,1,0.4299999999999998,0.9938151041666666,0.7804878048780488,0.7619047619047619,0.7710843373493976,0.9964953638220966,0.7823952874717985,0.005332572042978209
feature_probe_dynamics_history,1,0.43999999999999984,0.9934895833333334,0.775,0.7380952380952381,0.7560975609756098,0.9964953638220966,0.7823952874717985,0.005332572042978209
feature_probe_dynamics_history,1,0.44999999999999984,0.9934895833333334,0.7894736842105263,0.7142857142857143,0.75,0.9964953638220966,0.7823952874717985,0.005332572042978209
feature_probe_dynamics_history,1,0.45999999999999985,0.9934895833333334,0.7894736842105263,0.7142857142857143,0.75,0.9964953638220966,0.7823952874717985,0.005332572042978209
feature_probe_dynamics_history,1,0.46999999999999986,0.994140625,0.8333333333333334,0.7142857142857143,0.7692307692307693,0.9964953638220966,0.7823952874717985,0.005332572042978209
feature_probe_dynamics_history,1,0.47999999999999976,0.994140625,0.8333333333333334,0.7142857142857143,0.7692307692307693,0.9964953638220966,0.7823952874717985,0.005332572042978209
feature_probe_dynamics_history,1,0.48999999999999977,0.994140625,0.8529411764705882,0.6904761904761905,0.7631578947368421,0.9964953638220966,0.7823952874717985,0.005332572042978209
feature_probe_dynamics_history,1,0.4999999999999998,0.9934895833333334,0.84375,0.6428571428571429,0.7297297297297297,0.9964953638220966,0.7823952874717985,0.005332572042978209
feature_probe_dynamics_history,1,0.5099999999999998,0.9931640625,0.8387096774193549,0.6190476190476191,0.7123287671232876,0.9964953638220966,0.7823952874717985,0.005332572042978209
feature_probe_dynamics_history,1,0.5199999999999998,0.9925130208333334,0.8275862068965517,0.5714285714285714,0.676056338028169,0.9964953638220966,0.7823952874717985,0.005332572042978209
feature_probe_dynamics_history,1,0.5299999999999998,0.9925130208333334,0.8275862068965517,0.5714285714285714,0.676056338028169,0.9964953638220966,0.7823952874717985,0.005332572042978209
feature_probe_dynamics_history,1,0.5399999999999998,0.9925130208333334,0.8275862068965517,0.5714285714285714,0.676056338028169,0.9964953638220966,0.7823952874717985,0.005332572042978209
feature_probe_dynamics_history,1,0.5499999999999998,0.9918619791666666,0.8148148148148148,0.5238095238095238,0.6376811594202898,0.9964953638220966,0.7823952874717985,0.005332572042978209
feature_probe_dynamics_history,1,0.5599999999999997,0.9915364583333334,0.8076923076923077,0.5,0.6176470588235294,0.9964953638220966,0.7823952874717985,0.005332572042978209
feature_probe_dynamics_history,1,0.5699999999999997,0.9915364583333334,0.8076923076923077,0.5,0.6176470588235294,0.9964953638220966,0.7823952874717985,0.005332572042978209
feature_probe_dynamics_history,1,0.5799999999999997,0.9915364583333334,0.8076923076923077,0.5,0.6176470588235294,0.9964953638220966,0.7823952874717985,0.005332572042978209
feature_probe_dynamics_history,1,0.5899999999999997,0.9915364583333334,0.8076923076923077,0.5,0.6176470588235294,0.9964953638220966,0.7823952874717985,0.005332572042978209
feature_probe_dynamics_history,1,0.5999999999999998,0.9915364583333334,0.8076923076923077,0.5,0.6176470588235294,0.9964953638220966,0.7823952874717985,0.005332572042978209
feature_probe_dynamics_history,1,0.6099999999999998,0.9918619791666666,0.84,0.5,0.6268656716417911,0.9964953638220966,0.7823952874717985,0.005332572042978209
feature_probe_dynamics_history,1,0.6199999999999998,0.9915364583333334,0.8333333333333334,0.47619047619047616,0.6060606060606061,0.9964953638220966,0.7823952874717985,0.005332572042978209
feature_probe_dynamics_history,1,0.6299999999999997,0.9915364583333334,0.8333333333333334,0.47619047619047616,0.6060606060606061,0.9964953638220966,0.7823952874717985,0.005332572042978209
feature_probe_dynamics_history,1,0.6399999999999997,0.9915364583333334,0.8333333333333334,0.47619047619047616,0.6060606060606061,0.9964953638220966,0.7823952874717985,0.005332572042978209
feature_probe_dynamics_history,1,0.6499999999999997,0.9915364583333334,0.8636363636363636,0.4523809523809524,0.59375,0.9964953638220966,0.7823952874717985,0.005332572042978209
feature_probe_dynamics_history,1,0.6599999999999997,0.9908854166666666,0.85,0.40476190476190477,0.5483870967741935,0.9964953638220966,0.7823952874717985,0.005332572042978209
feature_probe_dynamics_history,1,0.6699999999999997,0.9905598958333334,0.8421052631578947,0.38095238095238093,0.5245901639344263,0.9964953638220966,0.7823952874717985,0.005332572042978209
feature_probe_dynamics_history,1,0.6799999999999997,0.9908854166666666,0.8888888888888888,0.38095238095238093,0.5333333333333333,0.9964953638220966,0.7823952874717985,0.005332572042978209
feature_probe_dynamics_history,1,0.6899999999999997,0.990234375,0.875,0.3333333333333333,0.4827586206896552,0.9964953638220966,0.7823952874717985,0.005332572042978209
feature_probe_dynamics_history,1,0.6999999999999996,0.990234375,0.875,0.3333333333333333,0.4827586206896552,0.9964953638220966,0.7823952874717985,0.005332572042978209
feature_probe_dynamics_history,1,0.7099999999999996,0.9895833333333334,0.8571428571428571,0.2857142857142857,0.42857142857142855,0.9964953638220966,0.7823952874717985,0.005332572042978209
feature_probe_dynamics_history,1,0.7199999999999996,0.9895833333333334,0.8571428571428571,0.2857142857142857,0.42857142857142855,0.9964953638220966,0.7823952874717985,0.005332572042978209
feature_probe_dynamics_history,1,0.7299999999999996,0.9895833333333334,0.8571428571428571,0.2857142857142857,0.42857142857142855,0.9964953638220966,0.7823952874717985,0.005332572042978209
feature_probe_dynamics_history,1,0.7399999999999997,0.9895833333333334,0.8571428571428571,0.2857142857142857,0.42857142857142855,0.9964953638220966,0.7823952874717985,0.005332572042978209
feature_probe_dynamics_history,1,0.7499999999999997,0.9892578125,0.8461538461538461,0.2619047619047619,0.4,0.9964953638220966,0.7823952874717985,0.005332572042978209
feature_probe_dynamics_history,1,0.7599999999999997,0.98828125,0.8,0.19047619047619047,0.3076923076923077,0.9964953638220966,0.7823952874717985,0.005332572042978209
feature_probe_dynamics_history,1,0.7699999999999997,0.98828125,0.8,0.19047619047619047,0.3076923076923077,0.9964953638220966,0.7823952874717985,0.005332572042978209
feature_probe_dynamics_history,1,0.7799999999999997,0.9879557291666666,0.7777777777777778,0.16666666666666666,0.27450980392156865,0.9964953638220966,0.7823952874717985,0.005332572042978209
feature_probe_dynamics_history,1,0.7899999999999996,0.9879557291666666,0.7777777777777778,0.16666666666666666,0.27450980392156865,0.9964953638220966,0.7823952874717985,0.005332572042978209
feature_probe_dynamics_history,1,0.7999999999999996,0.9879557291666666,0.7777777777777778,0.16666666666666666,0.27450980392156865,0.9964953638220966,0.7823952874717985,0.005332572042978209
feature_probe_dynamics_history,1,0.8099999999999996,0.9879557291666666,0.8571428571428571,0.14285714285714285,0.24489795918367346,0.9964953638220966,0.7823952874717985,0.005332572042978209
feature_probe_dynamics_history,1,0.8199999999999996,0.9879557291666666,0.8571428571428571,0.14285714285714285,0.24489795918367346,0.9964953638220966,0.7823952874717985,0.005332572042978209
feature_probe_dynamics_history,1,0.8299999999999996,0.9879557291666666,0.8571428571428571,0.14285714285714285,0.24489795918367346,0.9964953638220966,0.7823952874717985,0.005332572042978209
feature_probe_dynamics_history,1,0.8399999999999996,0.9876302083333334,0.8333333333333334,0.11904761904761904,0.20833333333333334,0.9964953638220966,0.7823952874717985,0.005332572042978209
feature_probe_dynamics_history,1,0.8499999999999996,0.9873046875,0.8,0.09523809523809523,0.1702127659574468,0.9964953638220966,0.7823952874717985,0.005332572042978209
feature_probe_dynamics_history,1,0.8599999999999995,0.9869791666666666,0.75,0.07142857142857142,0.13043478260869565,0.9964953638220966,0.7823952874717985,0.005332572042978209
feature_probe_dynamics_history,1,0.8699999999999996,0.9866536458333334,0.6666666666666666,0.047619047619047616,0.08888888888888889,0.9964953638220966,0.7823952874717985,0.005332572042978209
feature_probe_dynamics_history,1,0.8799999999999996,0.9866536458333334,0.6666666666666666,0.047619047619047616,0.08888888888888889,0.9964953638220966,0.7823952874717985,0.005332572042978209
feature_probe_dynamics_history,1,0.8899999999999996,0.9866536458333334,0.6666666666666666,0.047619047619047616,0.08888888888888889,0.9964953638220966,0.7823952874717985,0.005332572042978209
feature_probe_dynamics_history,1,0.8999999999999996,0.9869791666666666,1.0,0.047619047619047616,0.09090909090909091,0.9964953638220966,0.7823952874717985,0.005332572042978209
feature_probe_dynamics_history,2,0.1,0.983756345177665,0.524390243902439,0.8269230769230769,0.6417910447761194,0.982216672407854,0.7397195127742229,0.008347891747491273
feature_probe_dynamics_history,2,0.11,0.983756345177665,0.5256410256410257,0.7884615384615384,0.6307692307692307,0.982216672407854,0.7397195127742229,0.008347891747491273
feature_probe_dynamics_history,2,0.12,0.983756345177665,0.5263157894736842,0.7692307692307693,0.625,0.982216672407854,0.7397195127742229,0.008347891747491273
feature_probe_dynamics_history,2,0.13,0.9834179357021997,0.52,0.75,0.6141732283464567,0.982216672407854,0.7397195127742229,0.008347891747491273
feature_probe_dynamics_history,2,0.13999999999999999,0.9844331641285956,0.5428571428571428,0.7307692307692307,0.6229508196721312,0.982216672407854,0.7397195127742229,0.008347891747491273
feature_probe_dynamics_history,2,0.14999999999999997,0.9851099830795262,0.5606060606060606,0.7115384615384616,0.6271186440677966,0.982216672407854,0.7397195127742229,0.008347891747491273
feature_probe_dynamics_history,2,0.15999999999999998,0.9847715736040609,0.5538461538461539,0.6923076923076923,0.6153846153846154,0.982216672407854,0.7397195127742229,0.008347891747491273
feature_probe_dynamics_history,2,0.16999999999999998,0.9854483925549915,0.5737704918032787,0.6730769230769231,0.6194690265486725,0.982216672407854,0.7397195127742229,0.008347891747491273
feature_probe_dynamics_history,2,0.17999999999999997,0.9851099830795262,0.5666666666666667,0.6538461538461539,0.6071428571428571,0.982216672407854,0.7397195127742229,0.008347891747491273
feature_probe_dynamics_history,2,0.18999999999999995,0.9861252115059221,0.5964912280701754,0.6538461538461539,0.6238532110091743,0.982216672407854,0.7397195127742229,0.008347891747491273
feature_probe_dynamics_history,2,0.19999999999999996,0.9868020304568528,0.6181818181818182,0.6538461538461539,0.6355140186915887,0.982216672407854,0.7397195127742229,0.008347891747491273
feature_probe_dynamics_history,2,0.20999999999999996,0.9871404399323181,0.6296296296296297,0.6538461538461539,0.6415094339622641,0.982216672407854,0.7397195127742229,0.008347891747491273
feature_probe_dynamics_history,2,0.21999999999999995,0.9871404399323181,0.6346153846153846,0.6346153846153846,0.6346153846153846,0.982216672407854,0.7397195127742229,0.008347891747491273
feature_probe_dynamics_history,2,0.22999999999999995,0.9878172588832488,0.6666666666666666,0.6153846153846154,0.64,0.982216672407854,0.7397195127742229,0.008347891747491273
feature_probe_dynamics_history,2,0.23999999999999994,0.988155668358714,0.6808510638297872,0.6153846153846154,0.6464646464646465,0.982216672407854,0.7397195127742229,0.008347891747491273
feature_probe_dynamics_history,2,0.24999999999999992,0.988155668358714,0.6808510638297872,0.6153846153846154,0.6464646464646465,0.982216672407854,0.7397195127742229,0.008347891747491273
feature_probe_dynamics_history,2,0.2599999999999999,0.988155668358714,0.6808510638297872,0.6153846153846154,0.6464646464646465,0.982216672407854,0.7397195127742229,0.008347891747491273
feature_probe_dynamics_history,2,0.2699999999999999,0.9891708967851099,0.7272727272727273,0.6153846153846154,0.6666666666666666,0.982216672407854,0.7397195127742229,0.008347891747491273
feature_probe_dynamics_history,2,0.2799999999999999,0.9891708967851099,0.7272727272727273,0.6153846153846154,0.6666666666666666,0.982216672407854,0.7397195127742229,0.008347891747491273
feature_probe_dynamics_history,2,0.2899999999999999,0.9891708967851099,0.7272727272727273,0.6153846153846154,0.6666666666666666,0.982216672407854,0.7397195127742229,0.008347891747491273
feature_probe_dynamics_history,2,0.29999999999999993,0.9895093062605753,0.7441860465116279,0.6153846153846154,0.6736842105263158,0.982216672407854,0.7397195127742229,0.008347891747491273
feature_probe_dynamics_history,2,0.30999999999999994,0.9895093062605753,0.7441860465116279,0.6153846153846154,0.6736842105263158,0.982216672407854,0.7397195127742229,0.008347891747491273
feature_probe_dynamics_history,2,0.3199999999999999,0.9898477157360406,0.7619047619047619,0.6153846153846154,0.6808510638297872,0.982216672407854,0.7397195127742229,0.008347891747491273
feature_probe_dynamics_history,2,0.32999999999999985,0.990186125211506,0.7804878048780488,0.6153846153846154,0.6881720430107527,0.982216672407854,0.7397195127742229,0.008347891747491273
feature_probe_dynamics_history,2,0.33999999999999986,0.990186125211506,0.7804878048780488,0.6153846153846154,0.6881720430107527,0.982216672407854,0.7397195127742229,0.008347891747491273
feature_probe_dynamics_history,2,0.34999999999999987,0.990186125211506,0.7804878048780488,0.6153846153846154,0.6881720430107527,0.982216672407854,0.7397195127742229,0.008347891747491273
feature_probe_dynamics_history,2,0.3599999999999999,0.9908629441624366,0.8205128205128205,0.6153846153846154,0.7032967032967034,0.982216672407854,0.7397195127742229,0.008347891747491273
feature_probe_dynamics_history,2,0.3699999999999999,0.9908629441624366,0.8205128205128205,0.6153846153846154,0.7032967032967034,0.982216672407854,0.7397195127742229,0.008347891747491273
feature_probe_dynamics_history,2,0.3799999999999999,0.9905245346869712,0.8157894736842105,0.5961538461538461,0.6888888888888889,0.982216672407854,0.7397195127742229,0.008347891747491273
feature_probe_dynamics_history,2,0.3899999999999999,0.9905245346869712,0.8157894736842105,0.5961538461538461,0.6888888888888889,0.982216672407854,0.7397195127742229,0.008347891747491273
feature_probe_dynamics_history,2,0.3999999999999998,0.9905245346869712,0.8157894736842105,0.5961538461538461,0.6888888888888889,0.982216672407854,0.7397195127742229,0.008347891747491273
feature_probe_dynamics_history,2,0.4099999999999998,0.990186125211506,0.8108108108108109,0.5769230769230769,0.6741573033707865,0.982216672407854,0.7397195127742229,0.008347891747491273
feature_probe_dynamics_history,2,0.4199999999999998,0.990186125211506,0.8108108108108109,0.5769230769230769,0.6741573033707865,0.982216672407854,0.7397195127742229,0.008347891747491273
feature_probe_dynamics_history,2,0.4299999999999998,0.9898477157360406,0.8055555555555556,0.5576923076923077,0.6590909090909091,0.982216672407854,0.7397195127742229,0.008347891747491273
feature_probe_dynamics_history,2,0.43999999999999984,0.990186125211506,0.8285714285714286,0.5576923076923077,0.6666666666666666,0.982216672407854,0.7397195127742229,0.008347891747491273
feature_probe_dynamics_history,2,0.44999999999999984,0.990186125211506,0.8285714285714286,0.5576923076923077,0.6666666666666666,0.982216672407854,0.7397195127742229,0.008347891747491273
feature_probe_dynamics_history,2,0.45999999999999985,0.9898477157360406,0.8235294117647058,0.5384615384615384,0.6511627906976745,0.982216672407854,0.7397195127742229,0.008347891747491273
feature_probe_dynamics_history,2,0.46999999999999986,0.9898477157360406,0.8235294117647058,0.5384615384615384,0.6511627906976745,0.982216672407854,0.7397195127742229,0.008347891747491273
feature_probe_dynamics_history,2,0.47999999999999976,0.990186125211506,0.8484848484848485,0.5384615384615384,0.6588235294117647,0.982216672407854,0.7397195127742229,0.008347891747491273
feature_probe_dynamics_history,2,0.48999999999999977,0.990186125211506,0.8484848484848485,0.5384615384615384,0.6588235294117647,0.982216672407854,0.7397195127742229,0.008347891747491273
feature_probe_dynamics_history,2,0.4999999999999998,0.990186125211506,0.8484848484848485,0.5384615384615384,0.6588235294117647,0.982216672407854,0.7397195127742229,0.008347891747491273
feature_probe_dynamics_history,2,0.5099999999999998,0.990186125211506,0.8484848484848485,0.5384615384615384,0.6588235294117647,0.982216672407854,0.7397195127742229,0.008347891747491273
feature_probe_dynamics_history,2,0.5199999999999998,0.990186125211506,0.8709677419354839,0.5192307692307693,0.6506024096385542,0.982216672407854,0.7397195127742229,0.008347891747491273
feature_probe_dynamics_history,2,0.5299999999999998,0.9898477157360406,0.8928571428571429,0.4807692307692308,0.625,0.982216672407854,0.7397195127742229,0.008347891747491273
feature_probe_dynamics_history,2,0.5399999999999998,0.9898477157360406,0.8928571428571429,0.4807692307692308,0.625,0.982216672407854,0.7397195127742229,0.008347891747491273
feature_probe_dynamics_history,2,0.5499999999999998,0.9888324873096447,0.88,0.4230769230769231,0.5714285714285714,0.982216672407854,0.7397195127742229,0.008347891747491273
feature_probe_dynamics_history,2,0.5599999999999997,0.9891708967851099,0.9166666666666666,0.4230769230769231,0.5789473684210527,0.982216672407854,0.7397195127742229,0.008347891747491273
feature_probe_dynamics_history,2,0.5699999999999997,0.9891708967851099,0.9166666666666666,0.4230769230769231,0.5789473684210527,0.982216672407854,0.7397195127742229,0.008347891747491273
feature_probe_dynamics_history,2,0.5799999999999997,0.9888324873096447,0.9130434782608695,0.40384615384615385,0.56,0.982216672407854,0.7397195127742229,0.008347891747491273
feature_probe_dynamics_history,2,0.5899999999999997,0.9888324873096447,0.9130434782608695,0.40384615384615385,0.56,0.982216672407854,0.7397195127742229,0.008347891747491273
feature_probe_dynamics_history,2,0.5999999999999998,0.9884940778341793,0.9090909090909091,0.38461538461538464,0.5405405405405406,0.982216672407854,0.7397195127742229,0.008347891747491273
feature_probe_dynamics_history,2,0.6099999999999998,0.9884940778341793,0.95,0.36538461538461536,0.5277777777777778,0.982216672407854,0.7397195127742229,0.008347891747491273
feature_probe_dynamics_history,2,0.6199999999999998,0.988155668358714,0.9473684210526315,0.34615384615384615,0.5070422535211268,0.982216672407854,0.7397195127742229,0.008347891747491273
feature_probe_dynamics_history,2,0.6299999999999997,0.9878172588832488,0.9444444444444444,0.3269230769230769,0.4857142857142857,0.982216672407854,0.7397195127742229,0.008347891747491273
feature_probe_dynamics_history,2,0.6399999999999997,0.9871404399323181,0.9375,0.28846153846153844,0.4411764705882353,0.982216672407854,0.7397195127742229,0.008347891747491273
feature_probe_dynamics_history,2,0.6499999999999997,0.9871404399323181,0.9375,0.28846153846153844,0.4411764705882353,0.982216672407854,0.7397195127742229,0.008347891747491273
feature_probe_dynamics_history,2,0.6599999999999997,0.9871404399323181,0.9375,0.28846153846153844,0.4411764705882353,0.982216672407854,0.7397195127742229,0.008347891747491273
feature_probe_dynamics_history,2,0.6699999999999997,0.9868020304568528,0.9333333333333333,0.2692307692307692,0.417910447761194,0.982216672407854,0.7397195127742229,0.008347891747491273
feature_probe_dynamics_history,2,0.6799999999999997,0.9868020304568528,0.9333333333333333,0.2692307692307692,0.417910447761194,0.982216672407854,0.7397195127742229,0.008347891747491273
feature_probe_dynamics_history,2,0.6899999999999997,0.9868020304568528,0.9333333333333333,0.2692307692307692,0.417910447761194,0.982216672407854,0.7397195127742229,0.008347891747491273
feature_probe_dynamics_history,2,0.6999999999999996,0.9868020304568528,0.9333333333333333,0.2692307692307692,0.417910447761194,0.982216672407854,0.7397195127742229,0.008347891747491273
feature_probe_dynamics_history,2,0.7099999999999996,0.9861252115059221,0.9230769230769231,0.23076923076923078,0.36923076923076925,0.982216672407854,0.7397195127742229,0.008347891747491273
feature_probe_dynamics_history,2,0.7199999999999996,0.9857868020304569,0.9166666666666666,0.21153846153846154,0.34375,0.982216672407854,0.7397195127742229,0.008347891747491273
feature_probe_dynamics_history,2,0.7299999999999996,0.9857868020304569,0.9166666666666666,0.21153846153846154,0.34375,0.982216672407854,0.7397195127742229,0.008347891747491273
feature_probe_dynamics_history,2,0.7399999999999997,0.9854483925549915,0.9090909090909091,0.19230769230769232,0.31746031746031744,0.982216672407854,0.7397195127742229,0.008347891747491273
feature_probe_dynamics_history,2,0.7499999999999997,0.9854483925549915,0.9090909090909091,0.19230769230769232,0.31746031746031744,0.982216672407854,0.7397195127742229,0.008347891747491273
feature_probe_dynamics_history,2,0.7599999999999997,0.9854483925549915,0.9090909090909091,0.19230769230769232,0.31746031746031744,0.982216672407854,0.7397195127742229,0.008347891747491273
feature_probe_dynamics_history,2,0.7699999999999997,0.9851099830795262,0.9,0.17307692307692307,0.2903225806451613,0.982216672407854,0.7397195127742229,0.008347891747491273
feature_probe_dynamics_history,2,0.7799999999999997,0.9844331641285956,0.875,0.1346153846153846,0.23333333333333334,0.982216672407854,0.7397195127742229,0.008347891747491273
feature_probe_dynamics_history,2,0.7899999999999996,0.9840947546531302,0.8571428571428571,0.11538461538461539,0.2033898305084746,0.982216672407854,0.7397195127742229,0.008347891747491273
feature_probe_dynamics_history,2,0.7999999999999996,0.9834179357021997,0.8,0.07692307692307693,0.14035087719298245,0.982216672407854,0.7397195127742229,0.008347891747491273
feature_probe_dynamics_history,2,0.8099999999999996,0.9834179357021997,0.8,0.07692307692307693,0.14035087719298245,0.982216672407854,0.7397195127742229,0.008347891747491273
feature_probe_dynamics_history,2,0.8199999999999996,0.9834179357021997,1.0,0.057692307692307696,0.10909090909090909,0.982216672407854,0.7397195127742229,0.008347891747491273
feature_probe_dynamics_history,2,0.8299999999999996,0.9834179357021997,1.0,0.057692307692307696,0.10909090909090909,0.982216672407854,0.7397195127742229,0.008347891747491273
feature_probe_dynamics_history,2,0.8399999999999996,0.9834179357021997,1.0,0.057692307692307696,0.10909090909090909,0.982216672407854,0.7397195127742229,0.008347891747491273
feature_probe_dynamics_history,2,0.8499999999999996,0.9834179357021997,1.0,0.057692307692307696,0.10909090909090909,0.982216672407854,0.7397195127742229,0.008347891747491273
feature_probe_dynamics_history,2,0.8599999999999995,0.9834179357021997,1.0,0.057692307692307696,0.10909090909090909,0.982216672407854,0.7397195127742229,0.008347891747491273
feature_probe_dynamics_history,2,0.8699999999999996,0.9834179357021997,1.0,0.057692307692307696,0.10909090909090909,0.982216672407854,0.7397195127742229,0.008347891747491273
feature_probe_dynamics_history,2,0.8799999999999996,0.9834179357021997,1.0,0.057692307692307696,0.10909090909090909,0.982216672407854,0.7397195127742229,0.008347891747491273
feature_probe_dynamics_history,2,0.8899999999999996,0.9830795262267343,1.0,0.038461538461538464,0.07407407407407407,0.982216672407854,0.7397195127742229,0.008347891747491273
feature_probe_dynamics_history,2,0.8999999999999996,0.9827411167512691,1.0,0.019230769230769232,0.03773584905660377,0.982216672407854,0.7397195127742229,0.008347891747491273
feature_probe_dynamics_history,3,0.1,0.9736126224156693,0.4759036144578313,0.8876404494382022,0.6196078431372549,0.9921705409359015,0.7882706007959921,0.010681769956133286
feature_probe_dynamics_history,3,0.11,0.9738846572361263,0.4785276073619632,0.8764044943820225,0.6190476190476191,0.9921705409359015,0.7882706007959921,0.010681769956133286
feature_probe_dynamics_history,3,0.12,0.9752448313384113,0.4936708860759494,0.8764044943820225,0.631578947368421,0.9921705409359015,0.7882706007959921,0.010681769956133286
feature_probe_dynamics_history,3,0.13,0.9774211099020674,0.52,0.8764044943820225,0.6527196652719666,0.9921705409359015,0.7882706007959921,0.010681769956133286
feature_probe_dynamics_history,3,0.13999999999999999,0.9782372143634385,0.5306122448979592,0.8764044943820225,0.6610169491525424,0.9921705409359015,0.7882706007959921,0.010681769956133286
feature_probe_dynamics_history,3,0.14999999999999997,0.9787812840043526,0.5384615384615384,0.8651685393258427,0.6637931034482759,0.9921705409359015,0.7882706007959921,0.010681769956133286
feature_probe_dynamics_history,3,0.15999999999999998,0.9806855277475517,0.5661764705882353,0.8651685393258427,0.6844444444444444,0.9921705409359015,0.7882706007959921,0.010681769956133286
feature_probe_dynamics_history,3,0.16999999999999998,0.9817736670293797,0.5846153846153846,0.8539325842696629,0.6940639269406392,0.9921705409359015,0.7882706007959921,0.010681769956133286
feature_probe_dynamics_history,3,0.17999999999999997,0.9825897714907508,0.6016260162601627,0.8314606741573034,0.6981132075471698,0.9921705409359015,0.7882706007959921,0.010681769956133286
feature_probe_dynamics_history,3,0.18999999999999995,0.9836779107725789,0.6218487394957983,0.8314606741573034,0.7115384615384616,0.9921705409359015,0.7882706007959921,0.010681769956133286
feature_probe_dynamics_history,3,0.19999999999999996,0.9831338411316648,0.6173913043478261,0.797752808988764,0.696078431372549,0.9921705409359015,0.7882706007959921,0.010681769956133286
feature_probe_dynamics_history,3,0.20999999999999996,0.9834058759521219,0.6272727272727273,0.7752808988764045,0.6934673366834171,0.9921705409359015,0.7882706007959921,0.010681769956133286
feature_probe_dynamics_history,3,0.21999999999999995,0.9825897714907508,0.616822429906542,0.7415730337078652,0.673469387755102,0.9921705409359015,0.7882706007959921,0.010681769956133286
feature_probe_dynamics_history,3,0.22999999999999995,0.9823177366702938,0.6176470588235294,0.7078651685393258,0.6596858638743456,0.9921705409359015,0.7882706007959921,0.010681769956133286
feature_probe_dynamics_history,3,0.23999999999999994,0.9831338411316648,0.6391752577319587,0.6966292134831461,0.6666666666666666,0.9921705409359015,0.7882706007959921,0.010681769956133286
feature_probe_dynamics_history,3,0.24999999999999992,0.9831338411316648,0.6391752577319587,0.6966292134831461,0.6666666666666666,0.9921705409359015,0.7882706007959921,0.010681769956133286
feature_probe_dynamics_history,3,0.2599999999999999,0.984221980413493,0.6666666666666666,0.6966292134831461,0.6813186813186813,0.9921705409359015,0.7882706007959921,0.010681769956133286
feature_probe_dynamics_history,3,0.2699999999999999,0.984221980413493,0.6703296703296703,0.6853932584269663,0.6777777777777778,0.9921705409359015,0.7882706007959921,0.010681769956133286
feature_probe_dynamics_history,3,0.2799999999999999,0.985038084874864,0.6976744186046512,0.6741573033707865,0.6857142857142857,0.9921705409359015,0.7882706007959921,0.010681769956133286
feature_probe_dynamics_history,3,0.2899999999999999,0.985310119695321,0.7160493827160493,0.651685393258427,0.6823529411764706,0.9921705409359015,0.7882706007959921,0.010681769956133286
feature_probe_dynamics_history,3,0.29999999999999993,0.986126224156692,0.7435897435897436,0.651685393258427,0.6946107784431138,0.9921705409359015,0.7882706007959921,0.010681769956133286
feature_probe_dynamics_history,3,0.30999999999999994,0.9866702937976061,0.7631578947368421,0.651685393258427,0.703030303030303,0.9921705409359015,0.7882706007959921,0.010681769956133286
feature_probe_dynamics_history,3,0.3199999999999999,0.9866702937976061,0.7777777777777778,0.6292134831460674,0.6956521739130435,0.9921705409359015,0.7882706007959921,0.010681769956133286
feature_probe_dynamics_history,3,0.32999999999999985,0.986126224156692,0.7714285714285715,0.6067415730337079,0.6792452830188679,0.9921705409359015,0.7882706007959921,0.010681769956133286
feature_probe_dynamics_history,3,0.33999999999999986,0.985854189336235,0.7761194029850746,0.5842696629213483,0.6666666666666666,0.9921705409359015,0.7882706007959921,0.010681769956133286
feature_probe_dynamics_history,3,0.34999999999999987,0.985582154515778,0.7727272727272727,0.5730337078651685,0.6580645161290323,0.9921705409359015,0.7882706007959921,0.010681769956133286
feature_probe_dynamics_history,3,0.3599999999999999,0.985582154515778,0.78125,0.5617977528089888,0.6535947712418301,0.9921705409359015,0.7882706007959921,0.010681769956133286
feature_probe_dynamics_history,3,0.3699999999999999,0.985582154515778,0.78125,0.5617977528089888,0.6535947712418301,0.9921705409359015,0.7882706007959921,0.010681769956133286
feature_probe_dynamics_history,3,0.3799999999999999,0.985310119695321,0.7777777777777778,0.550561797752809,0.6447368421052632,0.9921705409359015,0.7882706007959921,0.010681769956133286
feature_probe_dynamics_history,3,0.3899999999999999,0.985038084874864,0.7741935483870968,0.5393258426966292,0.6357615894039735,0.9921705409359015,0.7882706007959921,0.010681769956133286
feature_probe_dynamics_history,3,0.3999999999999998,0.984766050054407,0.7704918032786885,0.5280898876404494,0.6266666666666667,0.9921705409359015,0.7882706007959921,0.010681769956133286
feature_probe_dynamics_history,3,0.4099999999999998,0.98449401523395,0.7666666666666667,0.5168539325842697,0.6174496644295302,0.9921705409359015,0.7882706007959921,0.010681769956133286
feature_probe_dynamics_history,3,0.4199999999999998,0.98449401523395,0.7758620689655172,0.5056179775280899,0.6122448979591837,0.9921705409359015,0.7882706007959921,0.010681769956133286
feature_probe_dynamics_history,3,0.4299999999999998,0.98449401523395,0.7758620689655172,0.5056179775280899,0.6122448979591837,0.9921705409359015,0.7882706007959921,0.010681769956133286
feature_probe_dynamics_history,3,0.43999999999999984,0.984766050054407,0.7894736842105263,0.5056179775280899,0.6164383561643836,0.9921705409359015,0.7882706007959921,0.010681769956133286
feature_probe_dynamics_history,3,0.44999999999999984,0.985038084874864,0.8035714285714286,0.5056179775280899,0.6206896551724138,0.9921705409359015,0.7882706007959921,0.010681769956133286
feature_probe_dynamics_history,3,0.45999999999999985,0.985038084874864,0.8035714285714286,0.5056179775280899,0.6206896551724138,0.9921705409359015,0.7882706007959921,0.010681769956133286
feature_probe_dynamics_history,3,0.46999999999999986,0.985038084874864,0.8148148148148148,0.4943820224719101,0.6153846153846154,0.9921705409359015,0.7882706007959921,0.010681769956133286
feature_probe_dynamics_history,3,0.47999999999999976,0.98449401523395,0.82,0.4606741573033708,0.5899280575539568,0.9921705409359015,0.7882706007959921,0.010681769956133286
feature_probe_dynamics_history,3,0.48999999999999977,0.984766050054407,0.8367346938775511,0.4606741573033708,0.5942028985507246,0.9921705409359015,0.7882706007959921,0.010681769956133286
feature_probe_dynamics_history,3,0.4999999999999998,0.984766050054407,0.8367346938775511,0.4606741573033708,0.5942028985507246,0.9921705409359015,0.7882706007959921,0.010681769956133286
feature_probe_dynamics_history,3,0.5099999999999998,0.985038084874864,0.8541666666666666,0.4606741573033708,0.5985401459854015,0.9921705409359015,0.7882706007959921,0.010681769956133286
feature_probe_dynamics_history,3,0.5199999999999998,0.985038084874864,0.8541666666666666,0.4606741573033708,0.5985401459854015,0.9921705409359015,0.7882706007959921,0.010681769956133286
feature_probe_dynamics_history,3,0.5299999999999998,0.985038084874864,0.8541666666666666,0.4606741573033708,0.5985401459854015,0.9921705409359015,0.7882706007959921,0.010681769956133286
feature_probe_dynamics_history,3,0.5399999999999998,0.985582154515778,0.8913043478260869,0.4606741573033708,0.6074074074074074,0.9921705409359015,0.7882706007959921,0.010681769956133286
feature_probe_dynamics_history,3,0.5499999999999998,0.985582154515778,0.9090909090909091,0.449438202247191,0.6015037593984962,0.9921705409359015,0.7882706007959921,0.010681769956133286
feature_probe_dynamics_history,3,0.5599999999999997,0.985582154515778,0.9285714285714286,0.43820224719101125,0.5954198473282443,0.9921705409359015,0.7882706007959921,0.010681769956133286
feature_probe_dynamics_history,3,0.5699999999999997,0.985854189336235,0.9512195121951219,0.43820224719101125,0.6,0.9921705409359015,0.7882706007959921,0.010681769956133286
feature_probe_dynamics_history,3,0.5799999999999997,0.985310119695321,0.9487179487179487,0.4157303370786517,0.578125,0.9921705409359015,0.7882706007959921,0.010681769956133286
feature_probe_dynamics_history,3,0.5899999999999997,0.985038084874864,0.9473684210526315,0.4044943820224719,0.5669291338582677,0.9921705409359015,0.7882706007959921,0.010681769956133286
feature_probe_dynamics_history,3,0.5999999999999998,0.98449401523395,0.9444444444444444,0.38202247191011235,0.544,0.9921705409359015,0.7882706007959921,0.010681769956133286
feature_probe_dynamics_history,3,0.6099999999999998,0.984221980413493,0.9428571428571428,0.3707865168539326,0.532258064516129,0.9921705409359015,0.7882706007959921,0.010681769956133286
feature_probe_dynamics_history,3,0.6199999999999998,0.984221980413493,0.9696969696969697,0.3595505617977528,0.5245901639344263,0.9921705409359015,0.7882706007959921,0.010681769956133286
feature_probe_dynamics_history,3,0.6299999999999997,0.9836779107725789,0.967741935483871,0.33707865168539325,0.5,0.9921705409359015,0.7882706007959921,0.010681769956133286
feature_probe_dynamics_history,3,0.6399999999999997,0.9836779107725789,0.967741935483871,0.33707865168539325,0.5,0.9921705409359015,0.7882706007959921,0.010681769956133286
feature_probe_dynamics_history,3,0.6499999999999997,0.9836779107725789,0.967741935483871,0.33707865168539325,0.5,0.9921705409359015,0.7882706007959921,0.010681769956133286
feature_probe_dynamics_history,3,0.6599999999999997,0.9836779107725789,0.967741935483871,0.33707865168539325,0.5,0.9921705409359015,0.7882706007959921,0.010681769956133286
feature_probe_dynamics_history,3,0.6699999999999997,0.9834058759521219,0.9666666666666667,0.3258426966292135,0.48739495798319327,0.9921705409359015,0.7882706007959921,0.010681769956133286
feature_probe_dynamics_history,3,0.6799999999999997,0.9834058759521219,0.9666666666666667,0.3258426966292135,0.48739495798319327,0.9921705409359015,0.7882706007959921,0.010681769956133286
feature_probe_dynamics_history,3,0.6899999999999997,0.9831338411316648,0.9655172413793104,0.3146067415730337,0.4745762711864407,0.9921705409359015,0.7882706007959921,0.010681769956133286
feature_probe_dynamics_history,3,0.6999999999999996,0.9823177366702938,0.9615384615384616,0.2808988764044944,0.43478260869565216,0.9921705409359015,0.7882706007959921,0.010681769956133286
feature_probe_dynamics_history,3,0.7099999999999996,0.9815016322089227,0.9565217391304348,0.24719101123595505,0.39285714285714285,0.9921705409359015,0.7882706007959921,0.010681769956133286
feature_probe_dynamics_history,3,0.7199999999999996,0.9812295973884657,0.9545454545454546,0.23595505617977527,0.3783783783783784,0.9921705409359015,0.7882706007959921,0.010681769956133286
feature_probe_dynamics_history,3,0.7299999999999996,0.9812295973884657,0.9545454545454546,0.23595505617977527,0.3783783783783784,0.9921705409359015,0.7882706007959921,0.010681769956133286
feature_probe_dynamics_history,3,0.7399999999999997,0.9806855277475517,0.95,0.21348314606741572,0.3486238532110092,0.9921705409359015,0.7882706007959921,0.010681769956133286
feature_probe_dynamics_history,3,0.7499999999999997,0.9806855277475517,0.95,0.21348314606741572,0.3486238532110092,0.9921705409359015,0.7882706007959921,0.010681769956133286
feature_probe_dynamics_history,3,0.7599999999999997,0.9804134929270947,0.9473684210526315,0.20224719101123595,0.3333333333333333,0.9921705409359015,0.7882706007959921,0.010681769956133286
feature_probe_dynamics_history,3,0.7699999999999997,0.9804134929270947,0.9473684210526315,0.20224719101123595,0.3333333333333333,0.9921705409359015,0.7882706007959921,0.010681769956133286
feature_probe_dynamics_history,3,0.7799999999999997,0.9801414581066377,0.9444444444444444,0.19101123595505617,0.3177570093457944,0.9921705409359015,0.7882706007959921,0.010681769956133286
feature_probe_dynamics_history,3,0.7899999999999996,0.9801414581066377,0.9444444444444444,0.19101123595505617,0.3177570093457944,0.9921705409359015,0.7882706007959921,0.010681769956133286
feature_probe_dynamics_history,3,0.7999999999999996,0.9795973884657236,0.9375,0.16853932584269662,0.2857142857142857,0.9921705409359015,0.7882706007959921,0.010681769956133286
feature_probe_dynamics_history,3,0.8099999999999996,0.9795973884657236,0.9375,0.16853932584269662,0.2857142857142857,0.9921705409359015,0.7882706007959921,0.010681769956133286
feature_probe_dynamics_history,3,0.8199999999999996,0.9795973884657236,0.9375,0.16853932584269662,0.2857142857142857,0.9921705409359015,0.7882706007959921,0.010681769956133286
feature_probe_dynamics_history,3,0.8299999999999996,0.9795973884657236,0.9375,0.16853932584269662,0.2857142857142857,0.9921705409359015,0.7882706007959921,0.010681769956133286
feature_probe_dynamics_history,3,0.8399999999999996,0.9793253536452666,0.9333333333333333,0.15730337078651685,0.2692307692307692,0.9921705409359015,0.7882706007959921,0.010681769956133286
feature_probe_dynamics_history,3,0.8499999999999996,0.9793253536452666,0.9333333333333333,0.15730337078651685,0.2692307692307692,0.9921705409359015,0.7882706007959921,0.010681769956133286
feature_probe_dynamics_history,3,0.8599999999999995,0.9790533188248096,1.0,0.1348314606741573,0.2376237623762376,0.9921705409359015,0.7882706007959921,0.010681769956133286
feature_probe_dynamics_history,3,0.8699999999999996,0.9787812840043526,1.0,0.12359550561797752,0.22,0.9921705409359015,0.7882706007959921,0.010681769956133286
feature_probe_dynamics_history,3,0.8799999999999996,0.9779651795429815,1.0,0.0898876404494382,0.16494845360824742,0.9921705409359015,0.7882706007959921,0.010681769956133286
feature_probe_dynamics_history,3,0.8899999999999996,0.9774211099020674,1.0,0.06741573033707865,0.12631578947368421,0.9921705409359015,0.7882706007959921,0.010681769956133286
feature_probe_dynamics_history,3,0.8999999999999996,0.9771490750816104,1.0,0.056179775280898875,0.10638297872340426,0.9921705409359015,0.7882706007959921,0.010681769956133286
