candidate_id,family,config,threshold,rows,positive_rows,prevalence,precision,recall,f1,pr_auc,roc_auc,brier,tn,fp,fn,tp,is_selected_threshold
baseline_remains_saturated,baseline,always predict no recovery,0.5,484,76,0.15702479338842976,0.0,0.0,0.0,0.15702479338842976,0.5,0.15702479338842976,408,0,76,0,True
logistic_default,logistic_regression,class_weight=None,0.05,484,76,0.15702479338842976,0.3956043956043956,0.9473684210526315,0.5581395348837209,0.7507669750470208,0.9307275541795665,0.07046530779424537,298,110,4,72,False
logistic_default,logistic_regression,class_weight=None,0.06,484,76,0.15702479338842976,0.4093567251461988,0.9210526315789473,0.5668016194331984,0.7507669750470208,0.9307275541795665,0.07046530779424537,307,101,6,70,False
logistic_default,logistic_regression,class_weight=None,0.07,484,76,0.15702479338842976,0.425,0.8947368421052632,0.576271186440678,0.7507669750470208,0.9307275541795665,0.07046530779424537,316,92,8,68,False
logistic_default,logistic_regression,class_weight=None,0.08,484,76,0.15702479338842976,0.4407894736842105,0.881578947368421,0.5877192982456141,0.7507669750470208,0.9307275541795665,0.07046530779424537,323,85,9,67,False
logistic_default,logistic_regression,class_weight=None,0.09,484,76,0.15702479338842976,0.4583333333333333,0.868421052631579,0.6,0.7507669750470208,0.9307275541795665,0.07046530779424537,330,78,10,66,False
logistic_default,logistic_regression,class_weight=None,0.1,484,76,0.15702479338842976,0.463768115942029,0.8421052631578947,0.5981308411214953,0.7507669750470208,0.9307275541795665,0.07046530779424537,334,74,12,64,False
logistic_default,logistic_regression,class_weight=None,0.11,484,76,0.15702479338842976,0.46616541353383456,0.8157894736842105,0.5933014354066986,0.7507669750470208,0.9307275541795665,0.07046530779424537,337,71,14,62,False
logistic_default,logistic_regression,class_weight=None,0.12,484,76,0.15702479338842976,0.4732824427480916,0.8157894736842105,0.5990338164251208,0.7507669750470208,0.9307275541795665,0.07046530779424537,339,69,14,62,False
logistic_default,logistic_regression,class_weight=None,0.13,484,76,0.15702479338842976,0.49193548387096775,0.8026315789473685,0.61,0.7507669750470208,0.9307275541795665,0.07046530779424537,345,63,15,61,False
logistic_default,logistic_regression,class_weight=None,0.14,484,76,0.15702479338842976,0.5126050420168067,0.8026315789473685,0.6256410256410256,0.7507669750470208,0.9307275541795665,0.07046530779424537,350,58,15,61,False
logistic_default,logistic_regression,class_weight=None,0.15,484,76,0.15702479338842976,0.5304347826086957,0.8026315789473685,0.6387434554973822,0.7507669750470208,0.9307275541795665,0.07046530779424537,354,54,15,61,False
logistic_default,logistic_regression,class_weight=None,0.16,484,76,0.15702479338842976,0.5446428571428571,0.8026315789473685,0.648936170212766,0.7507669750470208,0.9307275541795665,0.07046530779424537,357,51,15,61,False
logistic_default,logistic_regression,class_weight=None,0.17,484,76,0.15702479338842976,0.5545454545454546,0.8026315789473685,0.6559139784946236,0.7507669750470208,0.9307275541795665,0.07046530779424537,359,49,15,61,False
logistic_default,logistic_regression,class_weight=None,0.18,484,76,0.15702479338842976,0.5596330275229358,0.8026315789473685,0.6594594594594595,0.7507669750470208,0.9307275541795665,0.07046530779424537,360,48,15,61,False
logistic_default,logistic_regression,class_weight=None,0.19,484,76,0.15702479338842976,0.5596330275229358,0.8026315789473685,0.6594594594594595,0.7507669750470208,0.9307275541795665,0.07046530779424537,360,48,15,61,False
logistic_default,logistic_regression,class_weight=None,0.2,484,76,0.15702479338842976,0.5700934579439252,0.8026315789473685,0.6666666666666666,0.7507669750470208,0.9307275541795665,0.07046530779424537,362,46,15,61,False
logistic_default,logistic_regression,class_weight=None,0.21,484,76,0.15702479338842976,0.5714285714285714,0.7894736842105263,0.6629834254143646,0.7507669750470208,0.9307275541795665,0.07046530779424537,363,45,16,60,False
logistic_default,logistic_regression,class_weight=None,0.22,484,76,0.15702479338842976,0.5825242718446602,0.7894736842105263,0.6703910614525139,0.7507669750470208,0.9307275541795665,0.07046530779424537,365,43,16,60,False
logistic_default,logistic_regression,class_weight=None,0.23,484,76,0.15702479338842976,0.5841584158415841,0.7763157894736842,0.6666666666666666,0.7507669750470208,0.9307275541795665,0.07046530779424537,366,42,17,59,False
logistic_default,logistic_regression,class_weight=None,0.24,484,76,0.15702479338842976,0.5858585858585859,0.7631578947368421,0.6628571428571428,0.7507669750470208,0.9307275541795665,0.07046530779424537,367,41,18,58,False
logistic_default,logistic_regression,class_weight=None,0.25,484,76,0.15702479338842976,0.5918367346938775,0.7631578947368421,0.6666666666666666,0.7507669750470208,0.9307275541795665,0.07046530779424537,368,40,18,58,False
logistic_default,logistic_regression,class_weight=None,0.26,484,76,0.15702479338842976,0.6,0.75,0.6666666666666666,0.7507669750470208,0.9307275541795665,0.07046530779424537,370,38,19,57,False
logistic_default,logistic_regression,class_weight=None,0.27,484,76,0.15702479338842976,0.6043956043956044,0.7236842105263158,0.6586826347305389,0.7507669750470208,0.9307275541795665,0.07046530779424537,372,36,21,55,False
logistic_default,logistic_regression,class_weight=None,0.28,484,76,0.15702479338842976,0.625,0.7236842105263158,0.6707317073170732,0.7507669750470208,0.9307275541795665,0.07046530779424537,375,33,21,55,False
logistic_default,logistic_regression,class_weight=None,0.29,484,76,0.15702479338842976,0.6470588235294118,0.7236842105263158,0.6832298136645962,0.7507669750470208,0.9307275541795665,0.07046530779424537,378,30,21,55,False
logistic_default,logistic_regression,class_weight=None,0.3,484,76,0.15702479338842976,0.6585365853658537,0.7105263157894737,0.6835443037974683,0.7507669750470208,0.9307275541795665,0.07046530779424537,380,28,22,54,False
logistic_default,logistic_regression,class_weight=None,0.31,484,76,0.15702479338842976,0.675,0.7105263157894737,0.6923076923076923,0.7507669750470208,0.9307275541795665,0.07046530779424537,382,26,22,54,True
logistic_default,logistic_regression,class_weight=None,0.32,484,76,0.15702479338842976,0.6753246753246753,0.6842105263157895,0.6797385620915033,0.7507669750470208,0.9307275541795665,0.07046530779424537,383,25,24,52,False
logistic_default,logistic_regression,class_weight=None,0.33,484,76,0.15702479338842976,0.6666666666666666,0.6578947368421053,0.6622516556291391,0.7507669750470208,0.9307275541795665,0.07046530779424537,383,25,26,50,False
logistic_default,logistic_regression,class_weight=None,0.34,484,76,0.15702479338842976,0.6756756756756757,0.6578947368421053,0.6666666666666666,0.7507669750470208,0.9307275541795665,0.07046530779424537,384,24,26,50,False
logistic_default,logistic_regression,class_weight=None,0.35,484,76,0.15702479338842976,0.6712328767123288,0.6447368421052632,0.6577181208053692,0.7507669750470208,0.9307275541795665,0.07046530779424537,384,24,27,49,False
logistic_default,logistic_regression,class_weight=None,0.36,484,76,0.15702479338842976,0.6712328767123288,0.6447368421052632,0.6577181208053692,0.7507669750470208,0.9307275541795665,0.07046530779424537,384,24,27,49,False
logistic_default,logistic_regression,class_weight=None,0.37,484,76,0.15702479338842976,0.6901408450704225,0.6447368421052632,0.6666666666666666,0.7507669750470208,0.9307275541795665,0.07046530779424537,386,22,27,49,False
logistic_default,logistic_regression,class_weight=None,0.38,484,76,0.15702479338842976,0.7,0.6447368421052632,0.6712328767123288,0.7507669750470208,0.9307275541795665,0.07046530779424537,387,21,27,49,False
logistic_default,logistic_regression,class_weight=None,0.39,484,76,0.15702479338842976,0.7,0.6447368421052632,0.6712328767123288,0.7507669750470208,0.9307275541795665,0.07046530779424537,387,21,27,49,False
logistic_default,logistic_regression,class_weight=None,0.4,484,76,0.15702479338842976,0.7101449275362319,0.6447368421052632,0.6758620689655173,0.7507669750470208,0.9307275541795665,0.07046530779424537,388,20,27,49,False
logistic_default,logistic_regression,class_weight=None,0.41,484,76,0.15702479338842976,0.7313432835820896,0.6447368421052632,0.6853146853146853,0.7507669750470208,0.9307275541795665,0.07046530779424537,390,18,27,49,False
logistic_default,logistic_regression,class_weight=None,0.42,484,76,0.15702479338842976,0.7424242424242424,0.6447368421052632,0.6901408450704225,0.7507669750470208,0.9307275541795665,0.07046530779424537,391,17,27,49,False
logistic_default,logistic_regression,class_weight=None,0.43,484,76,0.15702479338842976,0.7384615384615385,0.631578947368421,0.6808510638297872,0.7507669750470208,0.9307275541795665,0.07046530779424537,391,17,28,48,False
logistic_default,logistic_regression,class_weight=None,0.44,484,76,0.15702479338842976,0.75,0.631578947368421,0.6857142857142857,0.7507669750470208,0.9307275541795665,0.07046530779424537,392,16,28,48,False
logistic_default,logistic_regression,class_weight=None,0.45,484,76,0.15702479338842976,0.7580645161290323,0.618421052631579,0.6811594202898551,0.7507669750470208,0.9307275541795665,0.07046530779424537,393,15,29,47,False
logistic_default,logistic_regression,class_weight=None,0.46,484,76,0.15702479338842976,0.7580645161290323,0.618421052631579,0.6811594202898551,0.7507669750470208,0.9307275541795665,0.07046530779424537,393,15,29,47,False
logistic_default,logistic_regression,class_weight=None,0.47,484,76,0.15702479338842976,0.7704918032786885,0.618421052631579,0.6861313868613139,0.7507669750470208,0.9307275541795665,0.07046530779424537,394,14,29,47,False
logistic_default,logistic_regression,class_weight=None,0.48,484,76,0.15702479338842976,0.7704918032786885,0.618421052631579,0.6861313868613139,0.7507669750470208,0.9307275541795665,0.07046530779424537,394,14,29,47,False
logistic_default,logistic_regression,class_weight=None,0.49,484,76,0.15702479338842976,0.7704918032786885,0.618421052631579,0.6861313868613139,0.7507669750470208,0.9307275541795665,0.07046530779424537,394,14,29,47,False
logistic_default,logistic_regression,class_weight=None,0.5,484,76,0.15702479338842976,0.7666666666666667,0.6052631578947368,0.6764705882352942,0.7507669750470208,0.9307275541795665,0.07046530779424537,394,14,30,46,False
logistic_default,logistic_regression,class_weight=None,0.51,484,76,0.15702479338842976,0.7796610169491526,0.6052631578947368,0.6814814814814815,0.7507669750470208,0.9307275541795665,0.07046530779424537,395,13,30,46,False
logistic_default,logistic_regression,class_weight=None,0.52,484,76,0.15702479338842976,0.7931034482758621,0.6052631578947368,0.6865671641791045,0.7507669750470208,0.9307275541795665,0.07046530779424537,396,12,30,46,False
logistic_default,logistic_regression,class_weight=None,0.53,484,76,0.15702479338842976,0.7894736842105263,0.5921052631578947,0.6766917293233082,0.7507669750470208,0.9307275541795665,0.07046530779424537,396,12,31,45,False
logistic_default,logistic_regression,class_weight=None,0.54,484,76,0.15702479338842976,0.7894736842105263,0.5921052631578947,0.6766917293233082,0.7507669750470208,0.9307275541795665,0.07046530779424537,396,12,31,45,False
logistic_default,logistic_regression,class_weight=None,0.55,484,76,0.15702479338842976,0.7894736842105263,0.5921052631578947,0.6766917293233082,0.7507669750470208,0.9307275541795665,0.07046530779424537,396,12,31,45,False
logistic_default,logistic_regression,class_weight=None,0.56,484,76,0.15702479338842976,0.7894736842105263,0.5921052631578947,0.6766917293233082,0.7507669750470208,0.9307275541795665,0.07046530779424537,396,12,31,45,False
logistic_default,logistic_regression,class_weight=None,0.57,484,76,0.15702479338842976,0.7894736842105263,0.5921052631578947,0.6766917293233082,0.7507669750470208,0.9307275541795665,0.07046530779424537,396,12,31,45,False
logistic_default,logistic_regression,class_weight=None,0.58,484,76,0.15702479338842976,0.7894736842105263,0.5921052631578947,0.6766917293233082,0.7507669750470208,0.9307275541795665,0.07046530779424537,396,12,31,45,False
logistic_default,logistic_regression,class_weight=None,0.59,484,76,0.15702479338842976,0.7962962962962963,0.5657894736842105,0.6615384615384615,0.7507669750470208,0.9307275541795665,0.07046530779424537,397,11,33,43,False
logistic_default,logistic_regression,class_weight=None,0.6,484,76,0.15702479338842976,0.8113207547169812,0.5657894736842105,0.6666666666666666,0.7507669750470208,0.9307275541795665,0.07046530779424537,398,10,33,43,False
logistic_default,logistic_regression,class_weight=None,0.61,484,76,0.15702479338842976,0.803921568627451,0.5394736842105263,0.6456692913385826,0.7507669750470208,0.9307275541795665,0.07046530779424537,398,10,35,41,False
logistic_default,logistic_regression,class_weight=None,0.62,484,76,0.15702479338842976,0.803921568627451,0.5394736842105263,0.6456692913385826,0.7507669750470208,0.9307275541795665,0.07046530779424537,398,10,35,41,False
logistic_default,logistic_regression,class_weight=None,0.63,484,76,0.15702479338842976,0.803921568627451,0.5394736842105263,0.6456692913385826,0.7507669750470208,0.9307275541795665,0.07046530779424537,398,10,35,41,False
logistic_default,logistic_regression,class_weight=None,0.64,484,76,0.15702479338842976,0.8,0.5263157894736842,0.6349206349206349,0.7507669750470208,0.9307275541795665,0.07046530779424537,398,10,36,40,False
logistic_default,logistic_regression,class_weight=None,0.65,484,76,0.15702479338842976,0.7916666666666666,0.5,0.6129032258064516,0.7507669750470208,0.9307275541795665,0.07046530779424537,398,10,38,38,False
logistic_default,logistic_regression,class_weight=None,0.66,484,76,0.15702479338842976,0.8,0.47368421052631576,0.5950413223140496,0.7507669750470208,0.9307275541795665,0.07046530779424537,399,9,40,36,False
logistic_default,logistic_regression,class_weight=None,0.67,484,76,0.15702479338842976,0.8181818181818182,0.47368421052631576,0.6,0.7507669750470208,0.9307275541795665,0.07046530779424537,400,8,40,36,False
logistic_default,logistic_regression,class_weight=None,0.68,484,76,0.15702479338842976,0.8181818181818182,0.47368421052631576,0.6,0.7507669750470208,0.9307275541795665,0.07046530779424537,400,8,40,36,False
logistic_default,logistic_regression,class_weight=None,0.69,484,76,0.15702479338842976,0.8372093023255814,0.47368421052631576,0.6050420168067226,0.7507669750470208,0.9307275541795665,0.07046530779424537,401,7,40,36,False
logistic_default,logistic_regression,class_weight=None,0.7,484,76,0.15702479338842976,0.8205128205128205,0.42105263157894735,0.5565217391304348,0.7507669750470208,0.9307275541795665,0.07046530779424537,401,7,44,32,False
logistic_default,logistic_regression,class_weight=None,0.71,484,76,0.15702479338842976,0.8378378378378378,0.40789473684210525,0.5486725663716814,0.7507669750470208,0.9307275541795665,0.07046530779424537,402,6,45,31,False
logistic_default,logistic_regression,class_weight=None,0.72,484,76,0.15702479338842976,0.8378378378378378,0.40789473684210525,0.5486725663716814,0.7507669750470208,0.9307275541795665,0.07046530779424537,402,6,45,31,False
logistic_default,logistic_regression,class_weight=None,0.73,484,76,0.15702479338842976,0.8378378378378378,0.40789473684210525,0.5486725663716814,0.7507669750470208,0.9307275541795665,0.07046530779424537,402,6,45,31,False
logistic_default,logistic_regression,class_weight=None,0.74,484,76,0.15702479338842976,0.8333333333333334,0.39473684210526316,0.5357142857142857,0.7507669750470208,0.9307275541795665,0.07046530779424537,402,6,46,30,False
logistic_default,logistic_regression,class_weight=None,0.75,484,76,0.15702479338842976,0.8529411764705882,0.3815789473684211,0.5272727272727272,0.7507669750470208,0.9307275541795665,0.07046530779424537,403,5,47,29,False
logistic_default,logistic_regression,class_weight=None,0.76,484,76,0.15702479338842976,0.8484848484848485,0.3684210526315789,0.5137614678899083,0.7507669750470208,0.9307275541795665,0.07046530779424537,403,5,48,28,False
logistic_default,logistic_regression,class_weight=None,0.77,484,76,0.15702479338842976,0.8387096774193549,0.34210526315789475,0.48598130841121495,0.7507669750470208,0.9307275541795665,0.07046530779424537,403,5,50,26,False
logistic_default,logistic_regression,class_weight=None,0.78,484,76,0.15702479338842976,0.8387096774193549,0.34210526315789475,0.48598130841121495,0.7507669750470208,0.9307275541795665,0.07046530779424537,403,5,50,26,False
logistic_default,logistic_regression,class_weight=None,0.79,484,76,0.15702479338842976,0.8571428571428571,0.3157894736842105,0.46153846153846156,0.7507669750470208,0.9307275541795665,0.07046530779424537,404,4,52,24,False
logistic_default,logistic_regression,class_weight=None,0.8,484,76,0.15702479338842976,0.8571428571428571,0.3157894736842105,0.46153846153846156,0.7507669750470208,0.9307275541795665,0.07046530779424537,404,4,52,24,False
logistic_default,logistic_regression,class_weight=None,0.81,484,76,0.15702479338842976,0.8571428571428571,0.3157894736842105,0.46153846153846156,0.7507669750470208,0.9307275541795665,0.07046530779424537,404,4,52,24,False
logistic_default,logistic_regression,class_weight=None,0.82,484,76,0.15702479338842976,0.8571428571428571,0.3157894736842105,0.46153846153846156,0.7507669750470208,0.9307275541795665,0.07046530779424537,404,4,52,24,False
logistic_default,logistic_regression,class_weight=None,0.83,484,76,0.15702479338842976,0.8518518518518519,0.3026315789473684,0.44660194174757284,0.7507669750470208,0.9307275541795665,0.07046530779424537,404,4,53,23,False
logistic_default,logistic_regression,class_weight=None,0.84,484,76,0.15702479338842976,0.88,0.2894736842105263,0.43564356435643564,0.7507669750470208,0.9307275541795665,0.07046530779424537,405,3,54,22,False
logistic_default,logistic_regression,class_weight=None,0.85,484,76,0.15702479338842976,0.875,0.27631578947368424,0.42,0.7507669750470208,0.9307275541795665,0.07046530779424537,405,3,55,21,False
logistic_default,logistic_regression,class_weight=None,0.86,484,76,0.15702479338842976,0.9130434782608695,0.27631578947368424,0.42424242424242425,0.7507669750470208,0.9307275541795665,0.07046530779424537,406,2,55,21,False
logistic_default,logistic_regression,class_weight=None,0.87,484,76,0.15702479338842976,0.9090909090909091,0.2631578947368421,0.40816326530612246,0.7507669750470208,0.9307275541795665,0.07046530779424537,406,2,56,20,False
logistic_default,logistic_regression,class_weight=None,0.88,484,76,0.15702479338842976,0.9473684210526315,0.23684210526315788,0.37894736842105264,0.7507669750470208,0.9307275541795665,0.07046530779424537,407,1,58,18,False
logistic_default,logistic_regression,class_weight=None,0.89,484,76,0.15702479338842976,0.9473684210526315,0.23684210526315788,0.37894736842105264,0.7507669750470208,0.9307275541795665,0.07046530779424537,407,1,58,18,False
logistic_default,logistic_regression,class_weight=None,0.9,484,76,0.15702479338842976,0.9375,0.19736842105263158,0.32608695652173914,0.7507669750470208,0.9307275541795665,0.07046530779424537,407,1,61,15,False
logistic_default,logistic_regression,class_weight=None,0.91,484,76,0.15702479338842976,0.9333333333333333,0.18421052631578946,0.3076923076923077,0.7507669750470208,0.9307275541795665,0.07046530779424537,407,1,62,14,False
logistic_default,logistic_regression,class_weight=None,0.92,484,76,0.15702479338842976,0.9230769230769231,0.15789473684210525,0.2696629213483146,0.7507669750470208,0.9307275541795665,0.07046530779424537,407,1,64,12,False
logistic_default,logistic_regression,class_weight=None,0.93,484,76,0.15702479338842976,0.9166666666666666,0.14473684210526316,0.25,0.7507669750470208,0.9307275541795665,0.07046530779424537,407,1,65,11,False
logistic_default,logistic_regression,class_weight=None,0.94,484,76,0.15702479338842976,0.9166666666666666,0.14473684210526316,0.25,0.7507669750470208,0.9307275541795665,0.07046530779424537,407,1,65,11,False
logistic_default,logistic_regression,class_weight=None,0.95,484,76,0.15702479338842976,1.0,0.13157894736842105,0.23255813953488372,0.7507669750470208,0.9307275541795665,0.07046530779424537,408,0,66,10,False
logistic_balanced,logistic_regression,class_weight=balanced,0.05,484,76,0.15702479338842976,0.24918032786885247,1.0,0.3989501312335958,0.7433236489223195,0.9274703302373581,0.10028023163396829,179,229,0,76,False
logistic_balanced,logistic_regression,class_weight=balanced,0.06,484,76,0.15702479338842976,0.2611683848797251,1.0,0.4141689373297003,0.7433236489223195,0.9274703302373581,0.10028023163396829,193,215,0,76,False
logistic_balanced,logistic_regression,class_weight=balanced,0.07,484,76,0.15702479338842976,0.2704626334519573,1.0,0.4257703081232493,0.7433236489223195,0.9274703302373581,0.10028023163396829,203,205,0,76,False
logistic_balanced,logistic_regression,class_weight=balanced,0.08,484,76,0.15702479338842976,0.2814814814814815,1.0,0.4393063583815029,0.7433236489223195,0.9274703302373581,0.10028023163396829,214,194,0,76,False
logistic_balanced,logistic_regression,class_weight=balanced,0.09,484,76,0.15702479338842976,0.2900763358778626,1.0,0.44970414201183434,0.7433236489223195,0.9274703302373581,0.10028023163396829,222,186,0,76,False
logistic_balanced,logistic_regression,class_weight=balanced,0.1,484,76,0.15702479338842976,0.29457364341085274,1.0,0.4550898203592814,0.7433236489223195,0.9274703302373581,0.10028023163396829,226,182,0,76,False
logistic_balanced,logistic_regression,class_weight=balanced,0.11,484,76,0.15702479338842976,0.29880478087649404,0.9868421052631579,0.45871559633027525,0.7433236489223195,0.9274703302373581,0.10028023163396829,232,176,1,75,False
logistic_balanced,logistic_regression,class_weight=balanced,0.12,484,76,0.15702479338842976,0.3138075313807531,0.9868421052631579,0.47619047619047616,0.7433236489223195,0.9274703302373581,0.10028023163396829,244,164,1,75,False
logistic_balanced,logistic_regression,class_weight=balanced,0.13,484,76,0.15702479338842976,0.3217391304347826,0.9736842105263158,0.48366013071895425,0.7433236489223195,0.9274703302373581,0.10028023163396829,252,156,2,74,False
logistic_balanced,logistic_regression,class_weight=balanced,0.14,484,76,0.15702479338842976,0.33183856502242154,0.9736842105263158,0.49498327759197325,0.7433236489223195,0.9274703302373581,0.10028023163396829,259,149,2,74,False
logistic_balanced,logistic_regression,class_weight=balanced,0.15,484,76,0.15702479338842976,0.34101382488479265,0.9736842105263158,0.5051194539249146,0.7433236489223195,0.9274703302373581,0.10028023163396829,265,143,2,74,False
logistic_balanced,logistic_regression,class_weight=balanced,0.16,484,76,0.15702479338842976,0.3490566037735849,0.9736842105263158,0.5138888888888888,0.7433236489223195,0.9274703302373581,0.10028023163396829,270,138,2,74,False
logistic_balanced,logistic_regression,class_weight=balanced,0.17,484,76,0.15702479338842976,0.357487922705314,0.9736842105263158,0.5229681978798587,0.7433236489223195,0.9274703302373581,0.10028023163396829,275,133,2,74,False
logistic_balanced,logistic_regression,class_weight=balanced,0.18,484,76,0.15702479338842976,0.3645320197044335,0.9736842105263158,0.5304659498207885,0.7433236489223195,0.9274703302373581,0.10028023163396829,279,129,2,74,False
logistic_balanced,logistic_regression,class_weight=balanced,0.19,484,76,0.15702479338842976,0.36683417085427134,0.9605263157894737,0.5309090909090909,0.7433236489223195,0.9274703302373581,0.10028023163396829,282,126,3,73,False
logistic_balanced,logistic_regression,class_weight=balanced,0.2,484,76,0.15702479338842976,0.3673469387755102,0.9473684210526315,0.5294117647058824,0.7433236489223195,0.9274703302373581,0.10028023163396829,284,124,4,72,False
logistic_balanced,logistic_regression,class_weight=balanced,0.21,484,76,0.15702479338842976,0.3641025641025641,0.9342105263157895,0.5239852398523985,0.7433236489223195,0.9274703302373581,0.10028023163396829,284,124,5,71,False
logistic_balanced,logistic_regression,class_weight=balanced,0.22,484,76,0.15702479338842976,0.3645833333333333,0.9210526315789473,0.5223880597014925,0.7433236489223195,0.9274703302373581,0.10028023163396829,286,122,6,70,False
logistic_balanced,logistic_regression,class_weight=balanced,0.23,484,76,0.15702479338842976,0.37037037037037035,0.9210526315789473,0.5283018867924528,0.7433236489223195,0.9274703302373581,0.10028023163396829,289,119,6,70,False
logistic_balanced,logistic_regression,class_weight=balanced,0.24,484,76,0.15702479338842976,0.3804347826086957,0.9210526315789473,0.5384615384615384,0.7433236489223195,0.9274703302373581,0.10028023163396829,294,114,6,70,False
logistic_balanced,logistic_regression,class_weight=balanced,0.25,484,76,0.15702479338842976,0.39106145251396646,0.9210526315789473,0.5490196078431373,0.7433236489223195,0.9274703302373581,0.10028023163396829,299,109,6,70,False
logistic_balanced,logistic_regression,class_weight=balanced,0.26,484,76,0.15702479338842976,0.3898305084745763,0.9078947368421053,0.5454545454545454,0.7433236489223195,0.9274703302373581,0.10028023163396829,300,108,7,69,False
logistic_balanced,logistic_regression,class_weight=balanced,0.27,484,76,0.15702479338842976,0.3942857142857143,0.9078947368421053,0.549800796812749,0.7433236489223195,0.9274703302373581,0.10028023163396829,302,106,7,69,False
logistic_balanced,logistic_regression,class_weight=balanced,0.28,484,76,0.15702479338842976,0.39655172413793105,0.9078947368421053,0.552,0.7433236489223195,0.9274703302373581,0.10028023163396829,303,105,7,69,False
logistic_balanced,logistic_regression,class_weight=balanced,0.29,484,76,0.15702479338842976,0.40828402366863903,0.9078947368421053,0.563265306122449,0.7433236489223195,0.9274703302373581,0.10028023163396829,308,100,7,69,False
logistic_balanced,logistic_regression,class_weight=balanced,0.3,484,76,0.15702479338842976,0.40606060606060607,0.881578947368421,0.5560165975103735,0.7433236489223195,0.9274703302373581,0.10028023163396829,310,98,9,67,False
logistic_balanced,logistic_regression,class_weight=balanced,0.31,484,76,0.15702479338842976,0.41358024691358025,0.881578947368421,0.5630252100840336,0.7433236489223195,0.9274703302373581,0.10028023163396829,313,95,9,67,False
logistic_balanced,logistic_regression,class_weight=balanced,0.32,484,76,0.15702479338842976,0.4267515923566879,0.881578947368421,0.575107296137339,0.7433236489223195,0.9274703302373581,0.10028023163396829,318,90,9,67,False
logistic_balanced,logistic_regression,class_weight=balanced,0.33,484,76,0.15702479338842976,0.44,0.868421052631579,0.584070796460177,0.7433236489223195,0.9274703302373581,0.10028023163396829,324,84,10,66,False
logistic_balanced,logistic_regression,class_weight=balanced,0.34,484,76,0.15702479338842976,0.4489795918367347,0.868421052631579,0.5919282511210763,0.7433236489223195,0.9274703302373581,0.10028023163396829,327,81,10,66,False
logistic_balanced,logistic_regression,class_weight=balanced,0.35,484,76,0.15702479338842976,0.45517241379310347,0.868421052631579,0.5972850678733032,0.7433236489223195,0.9274703302373581,0.10028023163396829,329,79,10,66,False
logistic_balanced,logistic_regression,class_weight=balanced,0.36,484,76,0.15702479338842976,0.4647887323943662,0.868421052631579,0.6055045871559633,0.7433236489223195,0.9274703302373581,0.10028023163396829,332,76,10,66,False
logistic_balanced,logistic_regression,class_weight=balanced,0.37,484,76,0.15702479338842976,0.46099290780141844,0.8552631578947368,0.5990783410138248,0.7433236489223195,0.9274703302373581,0.10028023163396829,332,76,11,65,False
logistic_balanced,logistic_regression,class_weight=balanced,0.38,484,76,0.15702479338842976,0.47101449275362317,0.8552631578947368,0.6074766355140186,0.7433236489223195,0.9274703302373581,0.10028023163396829,335,73,11,65,False
logistic_balanced,logistic_regression,class_weight=balanced,0.39,484,76,0.15702479338842976,0.46715328467153283,0.8421052631578947,0.6009389671361502,0.7433236489223195,0.9274703302373581,0.10028023163396829,335,73,12,64,False
logistic_balanced,logistic_regression,class_weight=balanced,0.4,484,76,0.15702479338842976,0.47058823529411764,0.8421052631578947,0.6037735849056604,0.7433236489223195,0.9274703302373581,0.10028023163396829,336,72,12,64,False
logistic_balanced,logistic_regression,class_weight=balanced,0.41,484,76,0.15702479338842976,0.4666666666666667,0.8289473684210527,0.5971563981042654,0.7433236489223195,0.9274703302373581,0.10028023163396829,336,72,13,63,False
logistic_balanced,logistic_regression,class_weight=balanced,0.42,484,76,0.15702479338842976,0.47368421052631576,0.8289473684210527,0.6028708133971292,0.7433236489223195,0.9274703302373581,0.10028023163396829,338,70,13,63,False
logistic_balanced,logistic_regression,class_weight=balanced,0.43,484,76,0.15702479338842976,0.4772727272727273,0.8289473684210527,0.6057692307692307,0.7433236489223195,0.9274703302373581,0.10028023163396829,339,69,13,63,False
logistic_balanced,logistic_regression,class_weight=balanced,0.44,484,76,0.15702479338842976,0.47692307692307695,0.8157894736842105,0.6019417475728155,0.7433236489223195,0.9274703302373581,0.10028023163396829,340,68,14,62,False
logistic_balanced,logistic_regression,class_weight=balanced,0.45,484,76,0.15702479338842976,0.48412698412698413,0.8026315789473685,0.6039603960396039,0.7433236489223195,0.9274703302373581,0.10028023163396829,343,65,15,61,False
logistic_balanced,logistic_regression,class_weight=balanced,0.46,484,76,0.15702479338842976,0.4959349593495935,0.8026315789473685,0.6130653266331658,0.7433236489223195,0.9274703302373581,0.10028023163396829,346,62,15,61,False
logistic_balanced,logistic_regression,class_weight=balanced,0.47,484,76,0.15702479338842976,0.5,0.8026315789473685,0.6161616161616161,0.7433236489223195,0.9274703302373581,0.10028023163396829,347,61,15,61,False
logistic_balanced,logistic_regression,class_weight=balanced,0.48,484,76,0.15702479338842976,0.5041322314049587,0.8026315789473685,0.6192893401015228,0.7433236489223195,0.9274703302373581,0.10028023163396829,348,60,15,61,False
logistic_balanced,logistic_regression,class_weight=balanced,0.49,484,76,0.15702479338842976,0.5126050420168067,0.8026315789473685,0.6256410256410256,0.7433236489223195,0.9274703302373581,0.10028023163396829,350,58,15,61,False
logistic_balanced,logistic_regression,class_weight=balanced,0.5,484,76,0.15702479338842976,0.5258620689655172,0.8026315789473685,0.6354166666666666,0.7433236489223195,0.9274703302373581,0.10028023163396829,353,55,15,61,False
logistic_balanced,logistic_regression,class_weight=balanced,0.51,484,76,0.15702479338842976,0.5304347826086957,0.8026315789473685,0.6387434554973822,0.7433236489223195,0.9274703302373581,0.10028023163396829,354,54,15,61,False
logistic_balanced,logistic_regression,class_weight=balanced,0.52,484,76,0.15702479338842976,0.5398230088495575,0.8026315789473685,0.6455026455026455,0.7433236489223195,0.9274703302373581,0.10028023163396829,356,52,15,61,False
logistic_balanced,logistic_regression,class_weight=balanced,0.53,484,76,0.15702479338842976,0.5398230088495575,0.8026315789473685,0.6455026455026455,0.7433236489223195,0.9274703302373581,0.10028023163396829,356,52,15,61,False
logistic_balanced,logistic_regression,class_weight=balanced,0.54,484,76,0.15702479338842976,0.5446428571428571,0.8026315789473685,0.648936170212766,0.7433236489223195,0.9274703302373581,0.10028023163396829,357,51,15,61,False
logistic_balanced,logistic_regression,class_weight=balanced,0.55,484,76,0.15702479338842976,0.5495495495495496,0.8026315789473685,0.6524064171122995,0.7433236489223195,0.9274703302373581,0.10028023163396829,358,50,15,61,False
logistic_balanced,logistic_regression,class_weight=balanced,0.56,484,76,0.15702479338842976,0.5555555555555556,0.7894736842105263,0.6521739130434783,0.7433236489223195,0.9274703302373581,0.10028023163396829,360,48,16,60,False
logistic_balanced,logistic_regression,class_weight=balanced,0.57,484,76,0.15702479338842976,0.5555555555555556,0.7894736842105263,0.6521739130434783,0.7433236489223195,0.9274703302373581,0.10028023163396829,360,48,16,60,False
logistic_balanced,logistic_regression,class_weight=balanced,0.58,484,76,0.15702479338842976,0.5566037735849056,0.7763157894736842,0.6483516483516484,0.7433236489223195,0.9274703302373581,0.10028023163396829,361,47,17,59,False
logistic_balanced,logistic_regression,class_weight=balanced,0.59,484,76,0.15702479338842976,0.5631067961165048,0.7631578947368421,0.6480446927374302,0.7433236489223195,0.9274703302373581,0.10028023163396829,363,45,18,58,False
logistic_balanced,logistic_regression,class_weight=balanced,0.6,484,76,0.15702479338842976,0.5643564356435643,0.75,0.6440677966101694,0.7433236489223195,0.9274703302373581,0.10028023163396829,364,44,19,57,False
logistic_balanced,logistic_regression,class_weight=balanced,0.61,484,76,0.15702479338842976,0.5757575757575758,0.75,0.6514285714285715,0.7433236489223195,0.9274703302373581,0.10028023163396829,366,42,19,57,False
logistic_balanced,logistic_regression,class_weight=balanced,0.62,484,76,0.15702479338842976,0.5876288659793815,0.75,0.6589595375722543,0.7433236489223195,0.9274703302373581,0.10028023163396829,368,40,19,57,False
logistic_balanced,logistic_regression,class_weight=balanced,0.63,484,76,0.15702479338842976,0.6063829787234043,0.75,0.6705882352941176,0.7433236489223195,0.9274703302373581,0.10028023163396829,371,37,19,57,False
logistic_balanced,logistic_regression,class_weight=balanced,0.64,484,76,0.15702479338842976,0.6263736263736264,0.75,0.6826347305389222,0.7433236489223195,0.9274703302373581,0.10028023163396829,374,34,19,57,False
logistic_balanced,logistic_regression,class_weight=balanced,0.65,484,76,0.15702479338842976,0.6333333333333333,0.75,0.6867469879518072,0.7433236489223195,0.9274703302373581,0.10028023163396829,375,33,19,57,False
logistic_balanced,logistic_regression,class_weight=balanced,0.66,484,76,0.15702479338842976,0.6333333333333333,0.75,0.6867469879518072,0.7433236489223195,0.9274703302373581,0.10028023163396829,375,33,19,57,False
logistic_balanced,logistic_regression,class_weight=balanced,0.67,484,76,0.15702479338842976,0.6867469879518072,0.75,0.7169811320754716,0.7433236489223195,0.9274703302373581,0.10028023163396829,382,26,19,57,True
logistic_balanced,logistic_regression,class_weight=balanced,0.68,484,76,0.15702479338842976,0.6875,0.7236842105263158,0.7051282051282052,0.7433236489223195,0.9274703302373581,0.10028023163396829,383,25,21,55,False
logistic_balanced,logistic_regression,class_weight=balanced,0.69,484,76,0.15702479338842976,0.6933333333333334,0.6842105263157895,0.6887417218543046,0.7433236489223195,0.9274703302373581,0.10028023163396829,385,23,24,52,False
logistic_balanced,logistic_regression,class_weight=balanced,0.7,484,76,0.15702479338842976,0.6933333333333334,0.6842105263157895,0.6887417218543046,0.7433236489223195,0.9274703302373581,0.10028023163396829,385,23,24,52,False
logistic_balanced,logistic_regression,class_weight=balanced,0.71,484,76,0.15702479338842976,0.6891891891891891,0.6710526315789473,0.68,0.7433236489223195,0.9274703302373581,0.10028023163396829,385,23,25,51,False
logistic_balanced,logistic_regression,class_weight=balanced,0.72,484,76,0.15702479338842976,0.6944444444444444,0.6578947368421053,0.6756756756756757,0.7433236489223195,0.9274703302373581,0.10028023163396829,386,22,26,50,False
logistic_balanced,logistic_regression,class_weight=balanced,0.73,484,76,0.15702479338842976,0.6944444444444444,0.6578947368421053,0.6756756756756757,0.7433236489223195,0.9274703302373581,0.10028023163396829,386,22,26,50,False
logistic_balanced,logistic_regression,class_weight=balanced,0.74,484,76,0.15702479338842976,0.7,0.6447368421052632,0.6712328767123288,0.7433236489223195,0.9274703302373581,0.10028023163396829,387,21,27,49,False
logistic_balanced,logistic_regression,class_weight=balanced,0.75,484,76,0.15702479338842976,0.7101449275362319,0.6447368421052632,0.6758620689655173,0.7433236489223195,0.9274703302373581,0.10028023163396829,388,20,27,49,False
logistic_balanced,logistic_regression,class_weight=balanced,0.76,484,76,0.15702479338842976,0.7205882352941176,0.6447368421052632,0.6805555555555556,0.7433236489223195,0.9274703302373581,0.10028023163396829,389,19,27,49,False
logistic_balanced,logistic_regression,class_weight=balanced,0.77,484,76,0.15702479338842976,0.7164179104477612,0.631578947368421,0.6713286713286714,0.7433236489223195,0.9274703302373581,0.10028023163396829,389,19,28,48,False
logistic_balanced,logistic_regression,class_weight=balanced,0.78,484,76,0.15702479338842976,0.7272727272727273,0.631578947368421,0.676056338028169,0.7433236489223195,0.9274703302373581,0.10028023163396829,390,18,28,48,False
logistic_balanced,logistic_regression,class_weight=balanced,0.79,484,76,0.15702479338842976,0.7419354838709677,0.6052631578947368,0.6666666666666666,0.7433236489223195,0.9274703302373581,0.10028023163396829,392,16,30,46,False
logistic_balanced,logistic_regression,class_weight=balanced,0.8,484,76,0.15702479338842976,0.7796610169491526,0.6052631578947368,0.6814814814814815,0.7433236489223195,0.9274703302373581,0.10028023163396829,395,13,30,46,False
logistic_balanced,logistic_regression,class_weight=balanced,0.81,484,76,0.15702479338842976,0.7758620689655172,0.5921052631578947,0.6716417910447762,0.7433236489223195,0.9274703302373581,0.10028023163396829,395,13,31,45,False
logistic_balanced,logistic_regression,class_weight=balanced,0.82,484,76,0.15702479338842976,0.7758620689655172,0.5921052631578947,0.6716417910447762,0.7433236489223195,0.9274703302373581,0.10028023163396829,395,13,31,45,False
logistic_balanced,logistic_regression,class_weight=balanced,0.83,484,76,0.15702479338842976,0.7758620689655172,0.5921052631578947,0.6716417910447762,0.7433236489223195,0.9274703302373581,0.10028023163396829,395,13,31,45,False
logistic_balanced,logistic_regression,class_weight=balanced,0.84,484,76,0.15702479338842976,0.7719298245614035,0.5789473684210527,0.6616541353383458,0.7433236489223195,0.9274703302373581,0.10028023163396829,395,13,32,44,False
logistic_balanced,logistic_regression,class_weight=balanced,0.85,484,76,0.15702479338842976,0.7719298245614035,0.5789473684210527,0.6616541353383458,0.7433236489223195,0.9274703302373581,0.10028023163396829,395,13,32,44,False
logistic_balanced,logistic_regression,class_weight=balanced,0.86,484,76,0.15702479338842976,0.7924528301886793,0.5526315789473685,0.6511627906976745,0.7433236489223195,0.9274703302373581,0.10028023163396829,397,11,34,42,False
logistic_balanced,logistic_regression,class_weight=balanced,0.87,484,76,0.15702479338842976,0.7755102040816326,0.5,0.608,0.7433236489223195,0.9274703302373581,0.10028023163396829,397,11,38,38,False
logistic_balanced,logistic_regression,class_weight=balanced,0.88,484,76,0.15702479338842976,0.782608695652174,0.47368421052631576,0.5901639344262295,0.7433236489223195,0.9274703302373581,0.10028023163396829,398,10,40,36,False
logistic_balanced,logistic_regression,class_weight=balanced,0.89,484,76,0.15702479338842976,0.782608695652174,0.47368421052631576,0.5901639344262295,0.7433236489223195,0.9274703302373581,0.10028023163396829,398,10,40,36,False
logistic_balanced,logistic_regression,class_weight=balanced,0.9,484,76,0.15702479338842976,0.775,0.40789473684210525,0.5344827586206896,0.7433236489223195,0.9274703302373581,0.10028023163396829,399,9,45,31,False
logistic_balanced,logistic_regression,class_weight=balanced,0.91,484,76,0.15702479338842976,0.8108108108108109,0.39473684210526316,0.5309734513274337,0.7433236489223195,0.9274703302373581,0.10028023163396829,401,7,46,30,False
logistic_balanced,logistic_regression,class_weight=balanced,0.92,484,76,0.15702479338842976,0.8285714285714286,0.3815789473684211,0.5225225225225225,0.7433236489223195,0.9274703302373581,0.10028023163396829,402,6,47,29,False
logistic_balanced,logistic_regression,class_weight=balanced,0.93,484,76,0.15702479338842976,0.84375,0.35526315789473684,0.5,0.7433236489223195,0.9274703302373581,0.10028023163396829,403,5,49,27,False
logistic_balanced,logistic_regression,class_weight=balanced,0.94,484,76,0.15702479338842976,0.8620689655172413,0.32894736842105265,0.47619047619047616,0.7433236489223195,0.9274703302373581,0.10028023163396829,404,4,51,25,False
logistic_balanced,logistic_regression,class_weight=balanced,0.95,484,76,0.15702479338842976,0.84,0.27631578947368424,0.4158415841584158,0.7433236489223195,0.9274703302373581,0.10028023163396829,404,4,55,21,False
random_forest_default,random_forest,500 trees; min_samples_leaf=2; class_weight=None,0.05,484,76,0.15702479338842976,0.36180904522613067,0.9473684210526315,0.5236363636363637,0.7957309484875378,0.9389189886480908,0.06444498654512647,281,127,4,72,False
random_forest_default,random_forest,500 trees; min_samples_leaf=2; class_weight=None,0.06,484,76,0.15702479338842976,0.3891891891891892,0.9473684210526315,0.5517241379310345,0.7957309484875378,0.9389189886480908,0.06444498654512647,295,113,4,72,False
random_forest_default,random_forest,500 trees; min_samples_leaf=2; class_weight=None,0.07,484,76,0.15702479338842976,0.4011627906976744,0.9078947368421053,0.5564516129032258,0.7957309484875378,0.9389189886480908,0.06444498654512647,305,103,7,69,False
random_forest_default,random_forest,500 trees; min_samples_leaf=2; class_weight=None,0.08,484,76,0.15702479338842976,0.422360248447205,0.8947368421052632,0.5738396624472574,0.7957309484875378,0.9389189886480908,0.06444498654512647,315,93,8,68,False
random_forest_default,random_forest,500 trees; min_samples_leaf=2; class_weight=None,0.09,484,76,0.15702479338842976,0.45517241379310347,0.868421052631579,0.5972850678733032,0.7957309484875378,0.9389189886480908,0.06444498654512647,329,79,10,66,False
random_forest_default,random_forest,500 trees; min_samples_leaf=2; class_weight=None,0.1,484,76,0.15702479338842976,0.4852941176470588,0.868421052631579,0.6226415094339622,0.7957309484875378,0.9389189886480908,0.06444498654512647,338,70,10,66,False
random_forest_default,random_forest,500 trees; min_samples_leaf=2; class_weight=None,0.11,484,76,0.15702479338842976,0.5038759689922481,0.8552631578947368,0.6341463414634146,0.7957309484875378,0.9389189886480908,0.06444498654512647,344,64,11,65,False
random_forest_default,random_forest,500 trees; min_samples_leaf=2; class_weight=None,0.12,484,76,0.15702479338842976,0.5078125,0.8552631578947368,0.6372549019607843,0.7957309484875378,0.9389189886480908,0.06444498654512647,345,63,11,65,False
random_forest_default,random_forest,500 trees; min_samples_leaf=2; class_weight=None,0.13,484,76,0.15702479338842976,0.5327868852459017,0.8552631578947368,0.6565656565656566,0.7957309484875378,0.9389189886480908,0.06444498654512647,351,57,11,65,False
random_forest_default,random_forest,500 trees; min_samples_leaf=2; class_weight=None,0.14,484,76,0.15702479338842976,0.5462184873949579,0.8552631578947368,0.6666666666666666,0.7957309484875378,0.9389189886480908,0.06444498654512647,354,54,11,65,False
random_forest_default,random_forest,500 trees; min_samples_leaf=2; class_weight=None,0.15,484,76,0.15702479338842976,0.5555555555555556,0.8552631578947368,0.6735751295336787,0.7957309484875378,0.9389189886480908,0.06444498654512647,356,52,11,65,False
random_forest_default,random_forest,500 trees; min_samples_leaf=2; class_weight=None,0.16,484,76,0.15702479338842976,0.5625,0.8289473684210527,0.6702127659574468,0.7957309484875378,0.9389189886480908,0.06444498654512647,359,49,13,63,False
random_forest_default,random_forest,500 trees; min_samples_leaf=2; class_weight=None,0.17,484,76,0.15702479338842976,0.5779816513761468,0.8289473684210527,0.6810810810810811,0.7957309484875378,0.9389189886480908,0.06444498654512647,362,46,13,63,False
random_forest_default,random_forest,500 trees; min_samples_leaf=2; class_weight=None,0.18,484,76,0.15702479338842976,0.5833333333333334,0.8289473684210527,0.6847826086956522,0.7957309484875378,0.9389189886480908,0.06444498654512647,363,45,13,63,False
random_forest_default,random_forest,500 trees; min_samples_leaf=2; class_weight=None,0.19,484,76,0.15702479338842976,0.5904761904761905,0.8157894736842105,0.6850828729281768,0.7957309484875378,0.9389189886480908,0.06444498654512647,365,43,14,62,False
random_forest_default,random_forest,500 trees; min_samples_leaf=2; class_weight=None,0.2,484,76,0.15702479338842976,0.5961538461538461,0.8157894736842105,0.6888888888888889,0.7957309484875378,0.9389189886480908,0.06444498654512647,366,42,14,62,False
random_forest_default,random_forest,500 trees; min_samples_leaf=2; class_weight=None,0.21,484,76,0.15702479338842976,0.6078431372549019,0.8157894736842105,0.6966292134831461,0.7957309484875378,0.9389189886480908,0.06444498654512647,368,40,14,62,False
random_forest_default,random_forest,500 trees; min_samples_leaf=2; class_weight=None,0.22,484,76,0.15702479338842976,0.6262626262626263,0.8157894736842105,0.7085714285714285,0.7957309484875378,0.9389189886480908,0.06444498654512647,371,37,14,62,False
random_forest_default,random_forest,500 trees; min_samples_leaf=2; class_weight=None,0.23,484,76,0.15702479338842976,0.6326530612244898,0.8157894736842105,0.7126436781609196,0.7957309484875378,0.9389189886480908,0.06444498654512647,372,36,14,62,False
random_forest_default,random_forest,500 trees; min_samples_leaf=2; class_weight=None,0.24,484,76,0.15702479338842976,0.6458333333333334,0.8157894736842105,0.7209302325581395,0.7957309484875378,0.9389189886480908,0.06444498654512647,374,34,14,62,False
random_forest_default,random_forest,500 trees; min_samples_leaf=2; class_weight=None,0.25,484,76,0.15702479338842976,0.6451612903225806,0.7894736842105263,0.7100591715976331,0.7957309484875378,0.9389189886480908,0.06444498654512647,375,33,16,60,False
random_forest_default,random_forest,500 trees; min_samples_leaf=2; class_weight=None,0.26,484,76,0.15702479338842976,0.6781609195402298,0.7763157894736842,0.7239263803680982,0.7957309484875378,0.9389189886480908,0.06444498654512647,380,28,17,59,False
random_forest_default,random_forest,500 trees; min_samples_leaf=2; class_weight=None,0.27,484,76,0.15702479338842976,0.6744186046511628,0.7631578947368421,0.7160493827160493,0.7957309484875378,0.9389189886480908,0.06444498654512647,380,28,18,58,False
random_forest_default,random_forest,500 trees; min_samples_leaf=2; class_weight=None,0.28,484,76,0.15702479338842976,0.6823529411764706,0.7631578947368421,0.7204968944099379,0.7957309484875378,0.9389189886480908,0.06444498654512647,381,27,18,58,False
random_forest_default,random_forest,500 trees; min_samples_leaf=2; class_weight=None,0.29,484,76,0.15702479338842976,0.6867469879518072,0.75,0.7169811320754716,0.7957309484875378,0.9389189886480908,0.06444498654512647,382,26,19,57,False
random_forest_default,random_forest,500 trees; min_samples_leaf=2; class_weight=None,0.3,484,76,0.15702479338842976,0.7125,0.75,0.7307692307692307,0.7957309484875378,0.9389189886480908,0.06444498654512647,385,23,19,57,False
random_forest_default,random_forest,500 trees; min_samples_leaf=2; class_weight=None,0.31,484,76,0.15702479338842976,0.7125,0.75,0.7307692307692307,0.7957309484875378,0.9389189886480908,0.06444498654512647,385,23,19,57,False
random_forest_default,random_forest,500 trees; min_samples_leaf=2; class_weight=None,0.32,484,76,0.15702479338842976,0.7215189873417721,0.75,0.7354838709677419,0.7957309484875378,0.9389189886480908,0.06444498654512647,386,22,19,57,True
random_forest_default,random_forest,500 trees; min_samples_leaf=2; class_weight=None,0.33,484,76,0.15702479338842976,0.7105263157894737,0.7105263157894737,0.7105263157894737,0.7957309484875378,0.9389189886480908,0.06444498654512647,386,22,22,54,False
random_forest_default,random_forest,500 trees; min_samples_leaf=2; class_weight=None,0.34,484,76,0.15702479338842976,0.7162162162162162,0.6973684210526315,0.7066666666666667,0.7957309484875378,0.9389189886480908,0.06444498654512647,387,21,23,53,False
random_forest_default,random_forest,500 trees; min_samples_leaf=2; class_weight=None,0.35,484,76,0.15702479338842976,0.7162162162162162,0.6973684210526315,0.7066666666666667,0.7957309484875378,0.9389189886480908,0.06444498654512647,387,21,23,53,False
random_forest_default,random_forest,500 trees; min_samples_leaf=2; class_weight=None,0.36,484,76,0.15702479338842976,0.7083333333333334,0.6710526315789473,0.6891891891891891,0.7957309484875378,0.9389189886480908,0.06444498654512647,387,21,25,51,False
random_forest_default,random_forest,500 trees; min_samples_leaf=2; class_weight=None,0.37,484,76,0.15702479338842976,0.7083333333333334,0.6710526315789473,0.6891891891891891,0.7957309484875378,0.9389189886480908,0.06444498654512647,387,21,25,51,False
random_forest_default,random_forest,500 trees; min_samples_leaf=2; class_weight=None,0.38,484,76,0.15702479338842976,0.7285714285714285,0.6710526315789473,0.6986301369863014,0.7957309484875378,0.9389189886480908,0.06444498654512647,389,19,25,51,False
random_forest_default,random_forest,500 trees; min_samples_leaf=2; class_weight=None,0.39,484,76,0.15702479338842976,0.7391304347826086,0.6710526315789473,0.7034482758620689,0.7957309484875378,0.9389189886480908,0.06444498654512647,390,18,25,51,False
random_forest_default,random_forest,500 trees; min_samples_leaf=2; class_weight=None,0.4,484,76,0.15702479338842976,0.7313432835820896,0.6447368421052632,0.6853146853146853,0.7957309484875378,0.9389189886480908,0.06444498654512647,390,18,27,49,False
random_forest_default,random_forest,500 trees; min_samples_leaf=2; class_weight=None,0.41,484,76,0.15702479338842976,0.7384615384615385,0.631578947368421,0.6808510638297872,0.7957309484875378,0.9389189886480908,0.06444498654512647,391,17,28,48,False
random_forest_default,random_forest,500 trees; min_samples_leaf=2; class_weight=None,0.42,484,76,0.15702479338842976,0.746031746031746,0.618421052631579,0.6762589928057554,0.7957309484875378,0.9389189886480908,0.06444498654512647,392,16,29,47,False
random_forest_default,random_forest,500 trees; min_samples_leaf=2; class_weight=None,0.43,484,76,0.15702479338842976,0.746031746031746,0.618421052631579,0.6762589928057554,0.7957309484875378,0.9389189886480908,0.06444498654512647,392,16,29,47,False
random_forest_default,random_forest,500 trees; min_samples_leaf=2; class_weight=None,0.44,484,76,0.15702479338842976,0.7419354838709677,0.6052631578947368,0.6666666666666666,0.7957309484875378,0.9389189886480908,0.06444498654512647,392,16,30,46,False
random_forest_default,random_forest,500 trees; min_samples_leaf=2; class_weight=None,0.45,484,76,0.15702479338842976,0.7540983606557377,0.6052631578947368,0.6715328467153284,0.7957309484875378,0.9389189886480908,0.06444498654512647,393,15,30,46,False
random_forest_default,random_forest,500 trees; min_samples_leaf=2; class_weight=None,0.46,484,76,0.15702479338842976,0.7540983606557377,0.6052631578947368,0.6715328467153284,0.7957309484875378,0.9389189886480908,0.06444498654512647,393,15,30,46,False
random_forest_default,random_forest,500 trees; min_samples_leaf=2; class_weight=None,0.47,484,76,0.15702479338842976,0.7627118644067796,0.5921052631578947,0.6666666666666666,0.7957309484875378,0.9389189886480908,0.06444498654512647,394,14,31,45,False
random_forest_default,random_forest,500 trees; min_samples_leaf=2; class_weight=None,0.48,484,76,0.15702479338842976,0.7586206896551724,0.5789473684210527,0.6567164179104478,0.7957309484875378,0.9389189886480908,0.06444498654512647,394,14,32,44,False
random_forest_default,random_forest,500 trees; min_samples_leaf=2; class_weight=None,0.49,484,76,0.15702479338842976,0.7586206896551724,0.5789473684210527,0.6567164179104478,0.7957309484875378,0.9389189886480908,0.06444498654512647,394,14,32,44,False
random_forest_default,random_forest,500 trees; min_samples_leaf=2; class_weight=None,0.5,484,76,0.15702479338842976,0.7543859649122807,0.5657894736842105,0.6466165413533834,0.7957309484875378,0.9389189886480908,0.06444498654512647,394,14,33,43,False
random_forest_default,random_forest,500 trees; min_samples_leaf=2; class_weight=None,0.51,484,76,0.15702479338842976,0.75,0.5526315789473685,0.6363636363636364,0.7957309484875378,0.9389189886480908,0.06444498654512647,394,14,34,42,False
random_forest_default,random_forest,500 trees; min_samples_leaf=2; class_weight=None,0.52,484,76,0.15702479338842976,0.7636363636363637,0.5526315789473685,0.6412213740458015,0.7957309484875378,0.9389189886480908,0.06444498654512647,395,13,34,42,False
random_forest_default,random_forest,500 trees; min_samples_leaf=2; class_weight=None,0.53,484,76,0.15702479338842976,0.7592592592592593,0.5394736842105263,0.6307692307692307,0.7957309484875378,0.9389189886480908,0.06444498654512647,395,13,35,41,False
random_forest_default,random_forest,500 trees; min_samples_leaf=2; class_weight=None,0.54,484,76,0.15702479338842976,0.803921568627451,0.5394736842105263,0.6456692913385826,0.7957309484875378,0.9389189886480908,0.06444498654512647,398,10,35,41,False
random_forest_default,random_forest,500 trees; min_samples_leaf=2; class_weight=None,0.55,484,76,0.15702479338842976,0.803921568627451,0.5394736842105263,0.6456692913385826,0.7957309484875378,0.9389189886480908,0.06444498654512647,398,10,35,41,False
random_forest_default,random_forest,500 trees; min_samples_leaf=2; class_weight=None,0.56,484,76,0.15702479338842976,0.803921568627451,0.5394736842105263,0.6456692913385826,0.7957309484875378,0.9389189886480908,0.06444498654512647,398,10,35,41,False
random_forest_default,random_forest,500 trees; min_samples_leaf=2; class_weight=None,0.57,484,76,0.15702479338842976,0.82,0.5394736842105263,0.6507936507936508,0.7957309484875378,0.9389189886480908,0.06444498654512647,399,9,35,41,False
random_forest_default,random_forest,500 trees; min_samples_leaf=2; class_weight=None,0.58,484,76,0.15702479338842976,0.82,0.5394736842105263,0.6507936507936508,0.7957309484875378,0.9389189886480908,0.06444498654512647,399,9,35,41,False
random_forest_default,random_forest,500 trees; min_samples_leaf=2; class_weight=None,0.59,484,76,0.15702479338842976,0.8541666666666666,0.5394736842105263,0.6612903225806451,0.7957309484875378,0.9389189886480908,0.06444498654512647,401,7,35,41,False
random_forest_default,random_forest,500 trees; min_samples_leaf=2; class_weight=None,0.6,484,76,0.15702479338842976,0.851063829787234,0.5263157894736842,0.6504065040650406,0.7957309484875378,0.9389189886480908,0.06444498654512647,401,7,36,40,False
random_forest_default,random_forest,500 trees; min_samples_leaf=2; class_weight=None,0.61,484,76,0.15702479338842976,0.851063829787234,0.5263157894736842,0.6504065040650406,0.7957309484875378,0.9389189886480908,0.06444498654512647,401,7,36,40,False
random_forest_default,random_forest,500 trees; min_samples_leaf=2; class_weight=None,0.62,484,76,0.15702479338842976,0.851063829787234,0.5263157894736842,0.6504065040650406,0.7957309484875378,0.9389189886480908,0.06444498654512647,401,7,36,40,False
random_forest_default,random_forest,500 trees; min_samples_leaf=2; class_weight=None,0.63,484,76,0.15702479338842976,0.851063829787234,0.5263157894736842,0.6504065040650406,0.7957309484875378,0.9389189886480908,0.06444498654512647,401,7,36,40,False
random_forest_default,random_forest,500 trees; min_samples_leaf=2; class_weight=None,0.64,484,76,0.15702479338842976,0.8666666666666667,0.5131578947368421,0.6446280991735537,0.7957309484875378,0.9389189886480908,0.06444498654512647,402,6,37,39,False
random_forest_default,random_forest,500 trees; min_samples_leaf=2; class_weight=None,0.65,484,76,0.15702479338842976,0.8666666666666667,0.5131578947368421,0.6446280991735537,0.7957309484875378,0.9389189886480908,0.06444498654512647,402,6,37,39,False
random_forest_default,random_forest,500 trees; min_samples_leaf=2; class_weight=None,0.66,484,76,0.15702479338842976,0.8666666666666667,0.5131578947368421,0.6446280991735537,0.7957309484875378,0.9389189886480908,0.06444498654512647,402,6,37,39,False
random_forest_default,random_forest,500 trees; min_samples_leaf=2; class_weight=None,0.67,484,76,0.15702479338842976,0.8604651162790697,0.4868421052631579,0.6218487394957983,0.7957309484875378,0.9389189886480908,0.06444498654512647,402,6,39,37,False
random_forest_default,random_forest,500 trees; min_samples_leaf=2; class_weight=None,0.68,484,76,0.15702479338842976,0.8809523809523809,0.4868421052631579,0.6271186440677966,0.7957309484875378,0.9389189886480908,0.06444498654512647,403,5,39,37,False
random_forest_default,random_forest,500 trees; min_samples_leaf=2; class_weight=None,0.69,484,76,0.15702479338842976,0.8780487804878049,0.47368421052631576,0.6153846153846154,0.7957309484875378,0.9389189886480908,0.06444498654512647,403,5,40,36,False
random_forest_default,random_forest,500 trees; min_samples_leaf=2; class_weight=None,0.7,484,76,0.15702479338842976,0.9210526315789473,0.4605263157894737,0.6140350877192983,0.7957309484875378,0.9389189886480908,0.06444498654512647,405,3,41,35,False
random_forest_default,random_forest,500 trees; min_samples_leaf=2; class_weight=None,0.71,484,76,0.15702479338842976,0.9210526315789473,0.4605263157894737,0.6140350877192983,0.7957309484875378,0.9389189886480908,0.06444498654512647,405,3,41,35,False
random_forest_default,random_forest,500 trees; min_samples_leaf=2; class_weight=None,0.72,484,76,0.15702479338842976,0.918918918918919,0.4473684210526316,0.6017699115044248,0.7957309484875378,0.9389189886480908,0.06444498654512647,405,3,42,34,False
random_forest_default,random_forest,500 trees; min_samples_leaf=2; class_weight=None,0.73,484,76,0.15702479338842976,0.9428571428571428,0.4342105263157895,0.5945945945945946,0.7957309484875378,0.9389189886480908,0.06444498654512647,406,2,43,33,False
random_forest_default,random_forest,500 trees; min_samples_leaf=2; class_weight=None,0.74,484,76,0.15702479338842976,0.9411764705882353,0.42105263157894735,0.5818181818181818,0.7957309484875378,0.9389189886480908,0.06444498654512647,406,2,44,32,False
random_forest_default,random_forest,500 trees; min_samples_leaf=2; class_weight=None,0.75,484,76,0.15702479338842976,0.9393939393939394,0.40789473684210525,0.5688073394495413,0.7957309484875378,0.9389189886480908,0.06444498654512647,406,2,45,31,False
random_forest_default,random_forest,500 trees; min_samples_leaf=2; class_weight=None,0.76,484,76,0.15702479338842976,0.9375,0.39473684210526316,0.5555555555555556,0.7957309484875378,0.9389189886480908,0.06444498654512647,406,2,46,30,False
random_forest_default,random_forest,500 trees; min_samples_leaf=2; class_weight=None,0.77,484,76,0.15702479338842976,0.9354838709677419,0.3815789473684211,0.5420560747663551,0.7957309484875378,0.9389189886480908,0.06444498654512647,406,2,47,29,False
random_forest_default,random_forest,500 trees; min_samples_leaf=2; class_weight=None,0.78,484,76,0.15702479338842976,0.9310344827586207,0.35526315789473684,0.5142857142857142,0.7957309484875378,0.9389189886480908,0.06444498654512647,406,2,49,27,False
random_forest_default,random_forest,500 trees; min_samples_leaf=2; class_weight=None,0.79,484,76,0.15702479338842976,0.9285714285714286,0.34210526315789475,0.5,0.7957309484875378,0.9389189886480908,0.06444498654512647,406,2,50,26,False
random_forest_default,random_forest,500 trees; min_samples_leaf=2; class_weight=None,0.8,484,76,0.15702479338842976,0.9615384615384616,0.32894736842105265,0.49019607843137253,0.7957309484875378,0.9389189886480908,0.06444498654512647,407,1,51,25,False
random_forest_default,random_forest,500 trees; min_samples_leaf=2; class_weight=None,0.81,484,76,0.15702479338842976,0.96,0.3157894736842105,0.4752475247524752,0.7957309484875378,0.9389189886480908,0.06444498654512647,407,1,52,24,False
random_forest_default,random_forest,500 trees; min_samples_leaf=2; class_weight=None,0.82,484,76,0.15702479338842976,0.9583333333333334,0.3026315789473684,0.46,0.7957309484875378,0.9389189886480908,0.06444498654512647,407,1,53,23,False
random_forest_default,random_forest,500 trees; min_samples_leaf=2; class_weight=None,0.83,484,76,0.15702479338842976,0.9583333333333334,0.3026315789473684,0.46,0.7957309484875378,0.9389189886480908,0.06444498654512647,407,1,53,23,False
random_forest_default,random_forest,500 trees; min_samples_leaf=2; class_weight=None,0.84,484,76,0.15702479338842976,0.9565217391304348,0.2894736842105263,0.4444444444444444,0.7957309484875378,0.9389189886480908,0.06444498654512647,407,1,54,22,False
random_forest_default,random_forest,500 trees; min_samples_leaf=2; class_weight=None,0.85,484,76,0.15702479338842976,0.9565217391304348,0.2894736842105263,0.4444444444444444,0.7957309484875378,0.9389189886480908,0.06444498654512647,407,1,54,22,False
random_forest_default,random_forest,500 trees; min_samples_leaf=2; class_weight=None,0.86,484,76,0.15702479338842976,0.9523809523809523,0.2631578947368421,0.41237113402061853,0.7957309484875378,0.9389189886480908,0.06444498654512647,407,1,56,20,False
random_forest_default,random_forest,500 trees; min_samples_leaf=2; class_weight=None,0.87,484,76,0.15702479338842976,0.9523809523809523,0.2631578947368421,0.41237113402061853,0.7957309484875378,0.9389189886480908,0.06444498654512647,407,1,56,20,False
random_forest_default,random_forest,500 trees; min_samples_leaf=2; class_weight=None,0.88,484,76,0.15702479338842976,1.0,0.23684210526315788,0.3829787234042553,0.7957309484875378,0.9389189886480908,0.06444498654512647,408,0,58,18,False
random_forest_default,random_forest,500 trees; min_samples_leaf=2; class_weight=None,0.89,484,76,0.15702479338842976,1.0,0.21052631578947367,0.34782608695652173,0.7957309484875378,0.9389189886480908,0.06444498654512647,408,0,60,16,False
random_forest_default,random_forest,500 trees; min_samples_leaf=2; class_weight=None,0.9,484,76,0.15702479338842976,1.0,0.18421052631578946,0.3111111111111111,0.7957309484875378,0.9389189886480908,0.06444498654512647,408,0,62,14,False
random_forest_default,random_forest,500 trees; min_samples_leaf=2; class_weight=None,0.91,484,76,0.15702479338842976,1.0,0.18421052631578946,0.3111111111111111,0.7957309484875378,0.9389189886480908,0.06444498654512647,408,0,62,14,False
random_forest_default,random_forest,500 trees; min_samples_leaf=2; class_weight=None,0.92,484,76,0.15702479338842976,1.0,0.15789473684210525,0.2727272727272727,0.7957309484875378,0.9389189886480908,0.06444498654512647,408,0,64,12,False
random_forest_default,random_forest,500 trees; min_samples_leaf=2; class_weight=None,0.93,484,76,0.15702479338842976,1.0,0.14473684210526316,0.25287356321839083,0.7957309484875378,0.9389189886480908,0.06444498654512647,408,0,65,11,False
random_forest_default,random_forest,500 trees; min_samples_leaf=2; class_weight=None,0.94,484,76,0.15702479338842976,1.0,0.13157894736842105,0.23255813953488372,0.7957309484875378,0.9389189886480908,0.06444498654512647,408,0,66,10,False
random_forest_default,random_forest,500 trees; min_samples_leaf=2; class_weight=None,0.95,484,76,0.15702479338842976,1.0,0.11842105263157894,0.21176470588235294,0.7957309484875378,0.9389189886480908,0.06444498654512647,408,0,67,9,False
random_forest_balanced,random_forest,500 trees; min_samples_leaf=2; class_weight=balanced_subsample,0.05,484,76,0.15702479338842976,0.3392857142857143,1.0,0.5066666666666667,0.7938177030745133,0.9410797213622292,0.06453881501190908,260,148,0,76,False
random_forest_balanced,random_forest,500 trees; min_samples_leaf=2; class_weight=balanced_subsample,0.06,484,76,0.15702479338842976,0.357487922705314,0.9736842105263158,0.5229681978798587,0.7938177030745133,0.9410797213622292,0.06453881501190908,275,133,2,74,False
random_forest_balanced,random_forest,500 trees; min_samples_leaf=2; class_weight=balanced_subsample,0.07,484,76,0.15702479338842976,0.37823834196891193,0.9605263157894737,0.5427509293680297,0.7938177030745133,0.9410797213622292,0.06453881501190908,288,120,3,73,False
random_forest_balanced,random_forest,500 trees; min_samples_leaf=2; class_weight=balanced_subsample,0.08,484,76,0.15702479338842976,0.3850267379679144,0.9473684210526315,0.5475285171102662,0.7938177030745133,0.9410797213622292,0.06453881501190908,293,115,4,72,False
random_forest_balanced,random_forest,500 trees; min_samples_leaf=2; class_weight=balanced_subsample,0.09,484,76,0.15702479338842976,0.4057142857142857,0.9342105263157895,0.5657370517928287,0.7938177030745133,0.9410797213622292,0.06453881501190908,304,104,5,71,False
random_forest_balanced,random_forest,500 trees; min_samples_leaf=2; class_weight=balanced_subsample,0.1,484,76,0.15702479338842976,0.42424242424242425,0.9210526315789473,0.5809128630705395,0.7938177030745133,0.9410797213622292,0.06453881501190908,313,95,6,70,False
random_forest_balanced,random_forest,500 trees; min_samples_leaf=2; class_weight=balanced_subsample,0.11,484,76,0.15702479338842976,0.42857142857142855,0.9078947368421053,0.5822784810126582,0.7938177030745133,0.9410797213622292,0.06453881501190908,316,92,7,69,False
random_forest_balanced,random_forest,500 trees; min_samples_leaf=2; class_weight=balanced_subsample,0.12,484,76,0.15702479338842976,0.42857142857142855,0.868421052631579,0.5739130434782609,0.7938177030745133,0.9410797213622292,0.06453881501190908,320,88,10,66,False
random_forest_balanced,random_forest,500 trees; min_samples_leaf=2; class_weight=balanced_subsample,0.13,484,76,0.15702479338842976,0.4489795918367347,0.868421052631579,0.5919282511210763,0.7938177030745133,0.9410797213622292,0.06453881501190908,327,81,10,66,False
random_forest_balanced,random_forest,500 trees; min_samples_leaf=2; class_weight=balanced_subsample,0.14,484,76,0.15702479338842976,0.4647887323943662,0.868421052631579,0.6055045871559633,0.7938177030745133,0.9410797213622292,0.06453881501190908,332,76,10,66,False
random_forest_balanced,random_forest,500 trees; min_samples_leaf=2; class_weight=balanced_subsample,0.15,484,76,0.15702479338842976,0.48507462686567165,0.8552631578947368,0.6190476190476191,0.7938177030745133,0.9410797213622292,0.06453881501190908,339,69,11,65,False
random_forest_balanced,random_forest,500 trees; min_samples_leaf=2; class_weight=balanced_subsample,0.16,484,76,0.15702479338842976,0.5,0.8552631578947368,0.6310679611650486,0.7938177030745133,0.9410797213622292,0.06453881501190908,343,65,11,65,False
random_forest_balanced,random_forest,500 trees; min_samples_leaf=2; class_weight=balanced_subsample,0.17,484,76,0.15702479338842976,0.5118110236220472,0.8552631578947368,0.6403940886699507,0.7938177030745133,0.9410797213622292,0.06453881501190908,346,62,11,65,False
random_forest_balanced,random_forest,500 trees; min_samples_leaf=2; class_weight=balanced_subsample,0.18,484,76,0.15702479338842976,0.5241935483870968,0.8552631578947368,0.65,0.7938177030745133,0.9410797213622292,0.06453881501190908,349,59,11,65,False
random_forest_balanced,random_forest,500 trees; min_samples_leaf=2; class_weight=balanced_subsample,0.19,484,76,0.15702479338842976,0.5416666666666666,0.8552631578947368,0.6632653061224489,0.7938177030745133,0.9410797213622292,0.06453881501190908,353,55,11,65,False
random_forest_balanced,random_forest,500 trees; min_samples_leaf=2; class_weight=balanced_subsample,0.2,484,76,0.15702479338842976,0.5423728813559322,0.8421052631578947,0.6597938144329897,0.7938177030745133,0.9410797213622292,0.06453881501190908,354,54,12,64,False
random_forest_balanced,random_forest,500 trees; min_samples_leaf=2; class_weight=balanced_subsample,0.21,484,76,0.15702479338842976,0.5565217391304348,0.8421052631578947,0.6701570680628273,0.7938177030745133,0.9410797213622292,0.06453881501190908,357,51,12,64,False
random_forest_balanced,random_forest,500 trees; min_samples_leaf=2; class_weight=balanced_subsample,0.22,484,76,0.15702479338842976,0.5714285714285714,0.8421052631578947,0.6808510638297872,0.7938177030745133,0.9410797213622292,0.06453881501190908,360,48,12,64,False
random_forest_balanced,random_forest,500 trees; min_samples_leaf=2; class_weight=balanced_subsample,0.23,484,76,0.15702479338842976,0.5818181818181818,0.8421052631578947,0.6881720430107527,0.7938177030745133,0.9410797213622292,0.06453881501190908,362,46,12,64,False
random_forest_balanced,random_forest,500 trees; min_samples_leaf=2; class_weight=balanced_subsample,0.24,484,76,0.15702479338842976,0.5925925925925926,0.8421052631578947,0.6956521739130435,0.7938177030745133,0.9410797213622292,0.06453881501190908,364,44,12,64,False
random_forest_balanced,random_forest,500 trees; min_samples_leaf=2; class_weight=balanced_subsample,0.25,484,76,0.15702479338842976,0.5943396226415094,0.8289473684210527,0.6923076923076923,0.7938177030745133,0.9410797213622292,0.06453881501190908,365,43,13,63,False
random_forest_balanced,random_forest,500 trees; min_samples_leaf=2; class_weight=balanced_subsample,0.26,484,76,0.15702479338842976,0.6,0.8289473684210527,0.6961325966850829,0.7938177030745133,0.9410797213622292,0.06453881501190908,366,42,13,63,False
random_forest_balanced,random_forest,500 trees; min_samples_leaf=2; class_weight=balanced_subsample,0.27,484,76,0.15702479338842976,0.6019417475728155,0.8157894736842105,0.6927374301675978,0.7938177030745133,0.9410797213622292,0.06453881501190908,367,41,14,62,False
random_forest_balanced,random_forest,500 trees; min_samples_leaf=2; class_weight=balanced_subsample,0.28,484,76,0.15702479338842976,0.6039603960396039,0.8026315789473685,0.6892655367231638,0.7938177030745133,0.9410797213622292,0.06453881501190908,368,40,15,61,False
random_forest_balanced,random_forest,500 trees; min_samples_leaf=2; class_weight=balanced_subsample,0.29,484,76,0.15702479338842976,0.6224489795918368,0.8026315789473685,0.7011494252873564,0.7938177030745133,0.9410797213622292,0.06453881501190908,371,37,15,61,False
random_forest_balanced,random_forest,500 trees; min_samples_leaf=2; class_weight=balanced_subsample,0.3,484,76,0.15702479338842976,0.6354166666666666,0.8026315789473685,0.7093023255813954,0.7938177030745133,0.9410797213622292,0.06453881501190908,373,35,15,61,False
random_forest_balanced,random_forest,500 trees; min_samples_leaf=2; class_weight=balanced_subsample,0.31,484,76,0.15702479338842976,0.648936170212766,0.8026315789473685,0.7176470588235294,0.7938177030745133,0.9410797213622292,0.06453881501190908,375,33,15,61,False
random_forest_balanced,random_forest,500 trees; min_samples_leaf=2; class_weight=balanced_subsample,0.32,484,76,0.15702479338842976,0.648936170212766,0.8026315789473685,0.7176470588235294,0.7938177030745133,0.9410797213622292,0.06453881501190908,375,33,15,61,False
random_forest_balanced,random_forest,500 trees; min_samples_leaf=2; class_weight=balanced_subsample,0.33,484,76,0.15702479338842976,0.6451612903225806,0.7894736842105263,0.7100591715976331,0.7938177030745133,0.9410797213622292,0.06453881501190908,375,33,16,60,False
random_forest_balanced,random_forest,500 trees; min_samples_leaf=2; class_weight=balanced_subsample,0.34,484,76,0.15702479338842976,0.6521739130434783,0.7894736842105263,0.7142857142857143,0.7938177030745133,0.9410797213622292,0.06453881501190908,376,32,16,60,False
random_forest_balanced,random_forest,500 trees; min_samples_leaf=2; class_weight=balanced_subsample,0.35,484,76,0.15702479338842976,0.6593406593406593,0.7894736842105263,0.718562874251497,0.7938177030745133,0.9410797213622292,0.06453881501190908,377,31,16,60,False
random_forest_balanced,random_forest,500 trees; min_samples_leaf=2; class_weight=balanced_subsample,0.36,484,76,0.15702479338842976,0.6666666666666666,0.7894736842105263,0.7228915662650602,0.7938177030745133,0.9410797213622292,0.06453881501190908,378,30,16,60,True
random_forest_balanced,random_forest,500 trees; min_samples_leaf=2; class_weight=balanced_subsample,0.37,484,76,0.15702479338842976,0.6627906976744186,0.75,0.7037037037037037,0.7938177030745133,0.9410797213622292,0.06453881501190908,379,29,19,57,False
random_forest_balanced,random_forest,500 trees; min_samples_leaf=2; class_weight=balanced_subsample,0.38,484,76,0.15702479338842976,0.6785714285714286,0.75,0.7125,0.7938177030745133,0.9410797213622292,0.06453881501190908,381,27,19,57,False
random_forest_balanced,random_forest,500 trees; min_samples_leaf=2; class_weight=balanced_subsample,0.39,484,76,0.15702479338842976,0.691358024691358,0.7368421052631579,0.7133757961783439,0.7938177030745133,0.9410797213622292,0.06453881501190908,383,25,20,56,False
random_forest_balanced,random_forest,500 trees; min_samples_leaf=2; class_weight=balanced_subsample,0.4,484,76,0.15702479338842976,0.6875,0.7236842105263158,0.7051282051282052,0.7938177030745133,0.9410797213622292,0.06453881501190908,383,25,21,55,False
random_forest_balanced,random_forest,500 trees; min_samples_leaf=2; class_weight=balanced_subsample,0.41,484,76,0.15702479338842976,0.6962025316455697,0.7236842105263158,0.7096774193548387,0.7938177030745133,0.9410797213622292,0.06453881501190908,384,24,21,55,False
random_forest_balanced,random_forest,500 trees; min_samples_leaf=2; class_weight=balanced_subsample,0.42,484,76,0.15702479338842976,0.7012987012987013,0.7105263157894737,0.7058823529411765,0.7938177030745133,0.9410797213622292,0.06453881501190908,385,23,22,54,False
random_forest_balanced,random_forest,500 trees; min_samples_leaf=2; class_weight=balanced_subsample,0.43,484,76,0.15702479338842976,0.6973684210526315,0.6973684210526315,0.6973684210526315,0.7938177030745133,0.9410797213622292,0.06453881501190908,385,23,23,53,False
random_forest_balanced,random_forest,500 trees; min_samples_leaf=2; class_weight=balanced_subsample,0.44,484,76,0.15702479338842976,0.7162162162162162,0.6973684210526315,0.7066666666666667,0.7938177030745133,0.9410797213622292,0.06453881501190908,387,21,23,53,False
random_forest_balanced,random_forest,500 trees; min_samples_leaf=2; class_weight=balanced_subsample,0.45,484,76,0.15702479338842976,0.7183098591549296,0.6710526315789473,0.6938775510204082,0.7938177030745133,0.9410797213622292,0.06453881501190908,388,20,25,51,False
random_forest_balanced,random_forest,500 trees; min_samples_leaf=2; class_weight=balanced_subsample,0.46,484,76,0.15702479338842976,0.7183098591549296,0.6710526315789473,0.6938775510204082,0.7938177030745133,0.9410797213622292,0.06453881501190908,388,20,25,51,False
random_forest_balanced,random_forest,500 trees; min_samples_leaf=2; class_weight=balanced_subsample,0.47,484,76,0.15702479338842976,0.7142857142857143,0.6578947368421053,0.684931506849315,0.7938177030745133,0.9410797213622292,0.06453881501190908,388,20,26,50,False
random_forest_balanced,random_forest,500 trees; min_samples_leaf=2; class_weight=balanced_subsample,0.48,484,76,0.15702479338842976,0.7352941176470589,0.6578947368421053,0.6944444444444444,0.7938177030745133,0.9410797213622292,0.06453881501190908,390,18,26,50,False
random_forest_balanced,random_forest,500 trees; min_samples_leaf=2; class_weight=balanced_subsample,0.49,484,76,0.15702479338842976,0.7313432835820896,0.6447368421052632,0.6853146853146853,0.7938177030745133,0.9410797213622292,0.06453881501190908,390,18,27,49,False
random_forest_balanced,random_forest,500 trees; min_samples_leaf=2; class_weight=balanced_subsample,0.5,484,76,0.15702479338842976,0.7313432835820896,0.6447368421052632,0.6853146853146853,0.7938177030745133,0.9410797213622292,0.06453881501190908,390,18,27,49,False
random_forest_balanced,random_forest,500 trees; min_samples_leaf=2; class_weight=balanced_subsample,0.51,484,76,0.15702479338842976,0.75,0.631578947368421,0.6857142857142857,0.7938177030745133,0.9410797213622292,0.06453881501190908,392,16,28,48,False
random_forest_balanced,random_forest,500 trees; min_samples_leaf=2; class_weight=balanced_subsample,0.52,484,76,0.15702479338842976,0.746031746031746,0.618421052631579,0.6762589928057554,0.7938177030745133,0.9410797213622292,0.06453881501190908,392,16,29,47,False
random_forest_balanced,random_forest,500 trees; min_samples_leaf=2; class_weight=balanced_subsample,0.53,484,76,0.15702479338842976,0.7419354838709677,0.6052631578947368,0.6666666666666666,0.7938177030745133,0.9410797213622292,0.06453881501190908,392,16,30,46,False
random_forest_balanced,random_forest,500 trees; min_samples_leaf=2; class_weight=balanced_subsample,0.54,484,76,0.15702479338842976,0.7377049180327869,0.5921052631578947,0.656934306569343,0.7938177030745133,0.9410797213622292,0.06453881501190908,392,16,31,45,False
random_forest_balanced,random_forest,500 trees; min_samples_leaf=2; class_weight=balanced_subsample,0.55,484,76,0.15702479338842976,0.7627118644067796,0.5921052631578947,0.6666666666666666,0.7938177030745133,0.9410797213622292,0.06453881501190908,394,14,31,45,False
random_forest_balanced,random_forest,500 trees; min_samples_leaf=2; class_weight=balanced_subsample,0.56,484,76,0.15702479338842976,0.7586206896551724,0.5789473684210527,0.6567164179104478,0.7938177030745133,0.9410797213622292,0.06453881501190908,394,14,32,44,False
random_forest_balanced,random_forest,500 trees; min_samples_leaf=2; class_weight=balanced_subsample,0.57,484,76,0.15702479338842976,0.7586206896551724,0.5789473684210527,0.6567164179104478,0.7938177030745133,0.9410797213622292,0.06453881501190908,394,14,32,44,False
random_forest_balanced,random_forest,500 trees; min_samples_leaf=2; class_weight=balanced_subsample,0.58,484,76,0.15702479338842976,0.75,0.5526315789473685,0.6363636363636364,0.7938177030745133,0.9410797213622292,0.06453881501190908,394,14,34,42,False
random_forest_balanced,random_forest,500 trees; min_samples_leaf=2; class_weight=balanced_subsample,0.59,484,76,0.15702479338842976,0.75,0.5526315789473685,0.6363636363636364,0.7938177030745133,0.9410797213622292,0.06453881501190908,394,14,34,42,False
random_forest_balanced,random_forest,500 trees; min_samples_leaf=2; class_weight=balanced_subsample,0.6,484,76,0.15702479338842976,0.7777777777777778,0.5526315789473685,0.6461538461538462,0.7938177030745133,0.9410797213622292,0.06453881501190908,396,12,34,42,False
random_forest_balanced,random_forest,500 trees; min_samples_leaf=2; class_weight=balanced_subsample,0.61,484,76,0.15702479338842976,0.7777777777777778,0.5526315789473685,0.6461538461538462,0.7938177030745133,0.9410797213622292,0.06453881501190908,396,12,34,42,False
random_forest_balanced,random_forest,500 trees; min_samples_leaf=2; class_weight=balanced_subsample,0.62,484,76,0.15702479338842976,0.7777777777777778,0.5526315789473685,0.6461538461538462,0.7938177030745133,0.9410797213622292,0.06453881501190908,396,12,34,42,False
random_forest_balanced,random_forest,500 trees; min_samples_leaf=2; class_weight=balanced_subsample,0.63,484,76,0.15702479338842976,0.7777777777777778,0.5526315789473685,0.6461538461538462,0.7938177030745133,0.9410797213622292,0.06453881501190908,396,12,34,42,False
random_forest_balanced,random_forest,500 trees; min_samples_leaf=2; class_weight=balanced_subsample,0.64,484,76,0.15702479338842976,0.7777777777777778,0.5526315789473685,0.6461538461538462,0.7938177030745133,0.9410797213622292,0.06453881501190908,396,12,34,42,False
random_forest_balanced,random_forest,500 trees; min_samples_leaf=2; class_weight=balanced_subsample,0.65,484,76,0.15702479338842976,0.8235294117647058,0.5526315789473685,0.6614173228346457,0.7938177030745133,0.9410797213622292,0.06453881501190908,399,9,34,42,False
random_forest_balanced,random_forest,500 trees; min_samples_leaf=2; class_weight=balanced_subsample,0.66,484,76,0.15702479338842976,0.8367346938775511,0.5394736842105263,0.656,0.7938177030745133,0.9410797213622292,0.06453881501190908,400,8,35,41,False
random_forest_balanced,random_forest,500 trees; min_samples_leaf=2; class_weight=balanced_subsample,0.67,484,76,0.15702479338842976,0.8695652173913043,0.5263157894736842,0.6557377049180327,0.7938177030745133,0.9410797213622292,0.06453881501190908,402,6,36,40,False
random_forest_balanced,random_forest,500 trees; min_samples_leaf=2; class_weight=balanced_subsample,0.68,484,76,0.15702479338842976,0.8888888888888888,0.5263157894736842,0.6611570247933884,0.7938177030745133,0.9410797213622292,0.06453881501190908,403,5,36,40,False
random_forest_balanced,random_forest,500 trees; min_samples_leaf=2; class_weight=balanced_subsample,0.69,484,76,0.15702479338842976,0.9090909090909091,0.5263157894736842,0.6666666666666666,0.7938177030745133,0.9410797213622292,0.06453881501190908,404,4,36,40,False
random_forest_balanced,random_forest,500 trees; min_samples_leaf=2; class_weight=balanced_subsample,0.7,484,76,0.15702479338842976,0.9090909090909091,0.5263157894736842,0.6666666666666666,0.7938177030745133,0.9410797213622292,0.06453881501190908,404,4,36,40,False
random_forest_balanced,random_forest,500 trees; min_samples_leaf=2; class_weight=balanced_subsample,0.71,484,76,0.15702479338842976,0.9090909090909091,0.5263157894736842,0.6666666666666666,0.7938177030745133,0.9410797213622292,0.06453881501190908,404,4,36,40,False
random_forest_balanced,random_forest,500 trees; min_samples_leaf=2; class_weight=balanced_subsample,0.72,484,76,0.15702479338842976,0.9090909090909091,0.5263157894736842,0.6666666666666666,0.7938177030745133,0.9410797213622292,0.06453881501190908,404,4,36,40,False
random_forest_balanced,random_forest,500 trees; min_samples_leaf=2; class_weight=balanced_subsample,0.73,484,76,0.15702479338842976,0.9090909090909091,0.5263157894736842,0.6666666666666666,0.7938177030745133,0.9410797213622292,0.06453881501190908,404,4,36,40,False
random_forest_balanced,random_forest,500 trees; min_samples_leaf=2; class_weight=balanced_subsample,0.74,484,76,0.15702479338842976,0.9069767441860465,0.5131578947368421,0.6554621848739496,0.7938177030745133,0.9410797213622292,0.06453881501190908,404,4,37,39,False
random_forest_balanced,random_forest,500 trees; min_samples_leaf=2; class_weight=balanced_subsample,0.75,484,76,0.15702479338842976,0.9069767441860465,0.5131578947368421,0.6554621848739496,0.7938177030745133,0.9410797213622292,0.06453881501190908,404,4,37,39,False
random_forest_balanced,random_forest,500 trees; min_samples_leaf=2; class_weight=balanced_subsample,0.76,484,76,0.15702479338842976,0.926829268292683,0.5,0.6495726495726496,0.7938177030745133,0.9410797213622292,0.06453881501190908,405,3,38,38,False
random_forest_balanced,random_forest,500 trees; min_samples_leaf=2; class_weight=balanced_subsample,0.77,484,76,0.15702479338842976,0.926829268292683,0.5,0.6495726495726496,0.7938177030745133,0.9410797213622292,0.06453881501190908,405,3,38,38,False
random_forest_balanced,random_forest,500 trees; min_samples_leaf=2; class_weight=balanced_subsample,0.78,484,76,0.15702479338842976,0.925,0.4868421052631579,0.6379310344827587,0.7938177030745133,0.9410797213622292,0.06453881501190908,405,3,39,37,False
random_forest_balanced,random_forest,500 trees; min_samples_leaf=2; class_weight=balanced_subsample,0.79,484,76,0.15702479338842976,0.925,0.4868421052631579,0.6379310344827587,0.7938177030745133,0.9410797213622292,0.06453881501190908,405,3,39,37,False
random_forest_balanced,random_forest,500 trees; min_samples_leaf=2; class_weight=balanced_subsample,0.8,484,76,0.15702479338842976,0.918918918918919,0.4473684210526316,0.6017699115044248,0.7938177030745133,0.9410797213622292,0.06453881501190908,405,3,42,34,False
random_forest_balanced,random_forest,500 trees; min_samples_leaf=2; class_weight=balanced_subsample,0.81,484,76,0.15702479338842976,0.918918918918919,0.4473684210526316,0.6017699115044248,0.7938177030745133,0.9410797213622292,0.06453881501190908,405,3,42,34,False
random_forest_balanced,random_forest,500 trees; min_samples_leaf=2; class_weight=balanced_subsample,0.82,484,76,0.15702479338842976,0.9411764705882353,0.42105263157894735,0.5818181818181818,0.7938177030745133,0.9410797213622292,0.06453881501190908,406,2,44,32,False
random_forest_balanced,random_forest,500 trees; min_samples_leaf=2; class_weight=balanced_subsample,0.83,484,76,0.15702479338842976,0.9375,0.39473684210526316,0.5555555555555556,0.7938177030745133,0.9410797213622292,0.06453881501190908,406,2,46,30,False
random_forest_balanced,random_forest,500 trees; min_samples_leaf=2; class_weight=balanced_subsample,0.84,484,76,0.15702479338842976,0.9354838709677419,0.3815789473684211,0.5420560747663551,0.7938177030745133,0.9410797213622292,0.06453881501190908,406,2,47,29,False
random_forest_balanced,random_forest,500 trees; min_samples_leaf=2; class_weight=balanced_subsample,0.85,484,76,0.15702479338842976,0.9310344827586207,0.35526315789473684,0.5142857142857142,0.7938177030745133,0.9410797213622292,0.06453881501190908,406,2,49,27,False
random_forest_balanced,random_forest,500 trees; min_samples_leaf=2; class_weight=balanced_subsample,0.86,484,76,0.15702479338842976,0.9285714285714286,0.34210526315789475,0.5,0.7938177030745133,0.9410797213622292,0.06453881501190908,406,2,50,26,False
random_forest_balanced,random_forest,500 trees; min_samples_leaf=2; class_weight=balanced_subsample,0.87,484,76,0.15702479338842976,0.9259259259259259,0.32894736842105265,0.4854368932038835,0.7938177030745133,0.9410797213622292,0.06453881501190908,406,2,51,25,False
random_forest_balanced,random_forest,500 trees; min_samples_leaf=2; class_weight=balanced_subsample,0.88,484,76,0.15702479338842976,0.92,0.3026315789473684,0.45544554455445546,0.7938177030745133,0.9410797213622292,0.06453881501190908,406,2,53,23,False
random_forest_balanced,random_forest,500 trees; min_samples_leaf=2; class_weight=balanced_subsample,0.89,484,76,0.15702479338842976,0.9583333333333334,0.3026315789473684,0.46,0.7938177030745133,0.9410797213622292,0.06453881501190908,407,1,53,23,False
random_forest_balanced,random_forest,500 trees; min_samples_leaf=2; class_weight=balanced_subsample,0.9,484,76,0.15702479338842976,0.9565217391304348,0.2894736842105263,0.4444444444444444,0.7938177030745133,0.9410797213622292,0.06453881501190908,407,1,54,22,False
random_forest_balanced,random_forest,500 trees; min_samples_leaf=2; class_weight=balanced_subsample,0.91,484,76,0.15702479338842976,0.9565217391304348,0.2894736842105263,0.4444444444444444,0.7938177030745133,0.9410797213622292,0.06453881501190908,407,1,54,22,False
random_forest_balanced,random_forest,500 trees; min_samples_leaf=2; class_weight=balanced_subsample,0.92,484,76,0.15702479338842976,0.9523809523809523,0.2631578947368421,0.41237113402061853,0.7938177030745133,0.9410797213622292,0.06453881501190908,407,1,56,20,False
random_forest_balanced,random_forest,500 trees; min_samples_leaf=2; class_weight=balanced_subsample,0.93,484,76,0.15702479338842976,0.9444444444444444,0.2236842105263158,0.3617021276595745,0.7938177030745133,0.9410797213622292,0.06453881501190908,407,1,59,17,False
random_forest_balanced,random_forest,500 trees; min_samples_leaf=2; class_weight=balanced_subsample,0.94,484,76,0.15702479338842976,0.9333333333333333,0.18421052631578946,0.3076923076923077,0.7938177030745133,0.9410797213622292,0.06453881501190908,407,1,62,14,False
random_forest_balanced,random_forest,500 trees; min_samples_leaf=2; class_weight=balanced_subsample,0.95,484,76,0.15702479338842976,1.0,0.14473684210526316,0.25287356321839083,0.7938177030745133,0.9410797213622292,0.06453881501190908,408,0,65,11,False
catboost_default,catboost,depth=7; learning_rate=0.05; class_weights=None,0.05,484,76,0.15702479338842976,0.4506172839506173,0.9605263157894737,0.6134453781512605,0.7955062315965012,0.9453366873065016,0.06553760615362066,319,89,3,73,False
catboost_default,catboost,depth=7; learning_rate=0.05; class_weights=None,0.06,484,76,0.15702479338842976,0.4864864864864865,0.9473684210526315,0.6428571428571429,0.7955062315965012,0.9453366873065016,0.06553760615362066,332,76,4,72,False
catboost_default,catboost,depth=7; learning_rate=0.05; class_weights=None,0.07,484,76,0.15702479338842976,0.4928571428571429,0.9078947368421053,0.6388888888888888,0.7955062315965012,0.9453366873065016,0.06553760615362066,337,71,7,69,False
catboost_default,catboost,depth=7; learning_rate=0.05; class_weights=None,0.08,484,76,0.15702479338842976,0.5149253731343284,0.9078947368421053,0.6571428571428571,0.7955062315965012,0.9453366873065016,0.06553760615362066,343,65,7,69,False
catboost_default,catboost,depth=7; learning_rate=0.05; class_weights=None,0.09,484,76,0.15702479338842976,0.5153846153846153,0.881578947368421,0.6504854368932039,0.7955062315965012,0.9453366873065016,0.06553760615362066,345,63,9,67,False
catboost_default,catboost,depth=7; learning_rate=0.05; class_weights=None,0.1,484,76,0.15702479338842976,0.52,0.8552631578947368,0.6467661691542289,0.7955062315965012,0.9453366873065016,0.06553760615362066,348,60,11,65,False
catboost_default,catboost,depth=7; learning_rate=0.05; class_weights=None,0.11,484,76,0.15702479338842976,0.5517241379310345,0.8421052631578947,0.6666666666666666,0.7955062315965012,0.9453366873065016,0.06553760615362066,356,52,12,64,False
catboost_default,catboost,depth=7; learning_rate=0.05; class_weights=None,0.12,484,76,0.15702479338842976,0.5663716814159292,0.8421052631578947,0.6772486772486772,0.7955062315965012,0.9453366873065016,0.06553760615362066,359,49,12,64,False
catboost_default,catboost,depth=7; learning_rate=0.05; class_weights=None,0.13,484,76,0.15702479338842976,0.5765765765765766,0.8421052631578947,0.6844919786096256,0.7955062315965012,0.9453366873065016,0.06553760615362066,361,47,12,64,False
catboost_default,catboost,depth=7; learning_rate=0.05; class_weights=None,0.14,484,76,0.15702479338842976,0.5818181818181818,0.8421052631578947,0.6881720430107527,0.7955062315965012,0.9453366873065016,0.06553760615362066,362,46,12,64,False
catboost_default,catboost,depth=7; learning_rate=0.05; class_weights=None,0.15,484,76,0.15702479338842976,0.5779816513761468,0.8289473684210527,0.6810810810810811,0.7955062315965012,0.9453366873065016,0.06553760615362066,362,46,13,63,False
catboost_default,catboost,depth=7; learning_rate=0.05; class_weights=None,0.16,484,76,0.15702479338842976,0.5961538461538461,0.8157894736842105,0.6888888888888889,0.7955062315965012,0.9453366873065016,0.06553760615362066,366,42,14,62,False
catboost_default,catboost,depth=7; learning_rate=0.05; class_weights=None,0.17,484,76,0.15702479338842976,0.5922330097087378,0.8026315789473685,0.6815642458100558,0.7955062315965012,0.9453366873065016,0.06553760615362066,366,42,15,61,False
catboost_default,catboost,depth=7; learning_rate=0.05; class_weights=None,0.18,484,76,0.15702479338842976,0.6039603960396039,0.8026315789473685,0.6892655367231638,0.7955062315965012,0.9453366873065016,0.06553760615362066,368,40,15,61,False
catboost_default,catboost,depth=7; learning_rate=0.05; class_weights=None,0.19,484,76,0.15702479338842976,0.6185567010309279,0.7894736842105263,0.6936416184971098,0.7955062315965012,0.9453366873065016,0.06553760615362066,371,37,16,60,False
catboost_default,catboost,depth=7; learning_rate=0.05; class_weights=None,0.2,484,76,0.15702479338842976,0.631578947368421,0.7894736842105263,0.7017543859649122,0.7955062315965012,0.9453366873065016,0.06553760615362066,373,35,16,60,False
catboost_default,catboost,depth=7; learning_rate=0.05; class_weights=None,0.21,484,76,0.15702479338842976,0.6451612903225806,0.7894736842105263,0.7100591715976331,0.7955062315965012,0.9453366873065016,0.06553760615362066,375,33,16,60,False
catboost_default,catboost,depth=7; learning_rate=0.05; class_weights=None,0.22,484,76,0.15702479338842976,0.6521739130434783,0.7894736842105263,0.7142857142857143,0.7955062315965012,0.9453366873065016,0.06553760615362066,376,32,16,60,False
catboost_default,catboost,depth=7; learning_rate=0.05; class_weights=None,0.23,484,76,0.15702479338842976,0.6593406593406593,0.7894736842105263,0.718562874251497,0.7955062315965012,0.9453366873065016,0.06553760615362066,377,31,16,60,False
catboost_default,catboost,depth=7; learning_rate=0.05; class_weights=None,0.24,484,76,0.15702479338842976,0.6704545454545454,0.7763157894736842,0.7195121951219512,0.7955062315965012,0.9453366873065016,0.06553760615362066,379,29,17,59,False
catboost_default,catboost,depth=7; learning_rate=0.05; class_weights=None,0.25,484,76,0.15702479338842976,0.6744186046511628,0.7631578947368421,0.7160493827160493,0.7955062315965012,0.9453366873065016,0.06553760615362066,380,28,18,58,False
catboost_default,catboost,depth=7; learning_rate=0.05; class_weights=None,0.26,484,76,0.15702479338842976,0.6785714285714286,0.75,0.7125,0.7955062315965012,0.9453366873065016,0.06553760615362066,381,27,19,57,False
catboost_default,catboost,depth=7; learning_rate=0.05; class_weights=None,0.27,484,76,0.15702479338842976,0.6785714285714286,0.75,0.7125,0.7955062315965012,0.9453366873065016,0.06553760615362066,381,27,19,57,False
catboost_default,catboost,depth=7; learning_rate=0.05; class_weights=None,0.28,484,76,0.15702479338842976,0.6875,0.7236842105263158,0.7051282051282052,0.7955062315965012,0.9453366873065016,0.06553760615362066,383,25,21,55,False
catboost_default,catboost,depth=7; learning_rate=0.05; class_weights=None,0.29,484,76,0.15702479338842976,0.6875,0.7236842105263158,0.7051282051282052,0.7955062315965012,0.9453366873065016,0.06553760615362066,383,25,21,55,False
catboost_default,catboost,depth=7; learning_rate=0.05; class_weights=None,0.3,484,76,0.15702479338842976,0.6875,0.7236842105263158,0.7051282051282052,0.7955062315965012,0.9453366873065016,0.06553760615362066,383,25,21,55,False
catboost_default,catboost,depth=7; learning_rate=0.05; class_weights=None,0.31,484,76,0.15702479338842976,0.7012987012987013,0.7105263157894737,0.7058823529411765,0.7955062315965012,0.9453366873065016,0.06553760615362066,385,23,22,54,False
catboost_default,catboost,depth=7; learning_rate=0.05; class_weights=None,0.32,484,76,0.15702479338842976,0.72,0.7105263157894737,0.7152317880794702,0.7955062315965012,0.9453366873065016,0.06553760615362066,387,21,22,54,False
catboost_default,catboost,depth=7; learning_rate=0.05; class_weights=None,0.33,484,76,0.15702479338842976,0.7297297297297297,0.7105263157894737,0.72,0.7955062315965012,0.9453366873065016,0.06553760615362066,388,20,22,54,True
catboost_default,catboost,depth=7; learning_rate=0.05; class_weights=None,0.34,484,76,0.15702479338842976,0.726027397260274,0.6973684210526315,0.7114093959731543,0.7955062315965012,0.9453366873065016,0.06553760615362066,388,20,23,53,False
catboost_default,catboost,depth=7; learning_rate=0.05; class_weights=None,0.35,484,76,0.15702479338842976,0.7183098591549296,0.6710526315789473,0.6938775510204082,0.7955062315965012,0.9453366873065016,0.06553760615362066,388,20,25,51,False
catboost_default,catboost,depth=7; learning_rate=0.05; class_weights=None,0.36,484,76,0.15702479338842976,0.7183098591549296,0.6710526315789473,0.6938775510204082,0.7955062315965012,0.9453366873065016,0.06553760615362066,388,20,25,51,False
catboost_default,catboost,depth=7; learning_rate=0.05; class_weights=None,0.37,484,76,0.15702479338842976,0.7246376811594203,0.6578947368421053,0.6896551724137931,0.7955062315965012,0.9453366873065016,0.06553760615362066,389,19,26,50,False
catboost_default,catboost,depth=7; learning_rate=0.05; class_weights=None,0.38,484,76,0.15702479338842976,0.7313432835820896,0.6447368421052632,0.6853146853146853,0.7955062315965012,0.9453366873065016,0.06553760615362066,390,18,27,49,False
catboost_default,catboost,depth=7; learning_rate=0.05; class_weights=None,0.39,484,76,0.15702479338842976,0.7424242424242424,0.6447368421052632,0.6901408450704225,0.7955062315965012,0.9453366873065016,0.06553760615362066,391,17,27,49,False
catboost_default,catboost,depth=7; learning_rate=0.05; class_weights=None,0.4,484,76,0.15702479338842976,0.7424242424242424,0.6447368421052632,0.6901408450704225,0.7955062315965012,0.9453366873065016,0.06553760615362066,391,17,27,49,False
catboost_default,catboost,depth=7; learning_rate=0.05; class_weights=None,0.41,484,76,0.15702479338842976,0.746031746031746,0.618421052631579,0.6762589928057554,0.7955062315965012,0.9453366873065016,0.06553760615362066,392,16,29,47,False
catboost_default,catboost,depth=7; learning_rate=0.05; class_weights=None,0.42,484,76,0.15702479338842976,0.7580645161290323,0.618421052631579,0.6811594202898551,0.7955062315965012,0.9453366873065016,0.06553760615362066,393,15,29,47,False
catboost_default,catboost,depth=7; learning_rate=0.05; class_weights=None,0.43,484,76,0.15702479338842976,0.7540983606557377,0.6052631578947368,0.6715328467153284,0.7955062315965012,0.9453366873065016,0.06553760615362066,393,15,30,46,False
catboost_default,catboost,depth=7; learning_rate=0.05; class_weights=None,0.44,484,76,0.15702479338842976,0.7540983606557377,0.6052631578947368,0.6715328467153284,0.7955062315965012,0.9453366873065016,0.06553760615362066,393,15,30,46,False
catboost_default,catboost,depth=7; learning_rate=0.05; class_weights=None,0.45,484,76,0.15702479338842976,0.7666666666666667,0.6052631578947368,0.6764705882352942,0.7955062315965012,0.9453366873065016,0.06553760615362066,394,14,30,46,False
catboost_default,catboost,depth=7; learning_rate=0.05; class_weights=None,0.46,484,76,0.15702479338842976,0.7758620689655172,0.5921052631578947,0.6716417910447762,0.7955062315965012,0.9453366873065016,0.06553760615362066,395,13,31,45,False
catboost_default,catboost,depth=7; learning_rate=0.05; class_weights=None,0.47,484,76,0.15702479338842976,0.7719298245614035,0.5789473684210527,0.6616541353383458,0.7955062315965012,0.9453366873065016,0.06553760615362066,395,13,32,44,False
catboost_default,catboost,depth=7; learning_rate=0.05; class_weights=None,0.48,484,76,0.15702479338842976,0.7719298245614035,0.5789473684210527,0.6616541353383458,0.7955062315965012,0.9453366873065016,0.06553760615362066,395,13,32,44,False
catboost_default,catboost,depth=7; learning_rate=0.05; class_weights=None,0.49,484,76,0.15702479338842976,0.7719298245614035,0.5789473684210527,0.6616541353383458,0.7955062315965012,0.9453366873065016,0.06553760615362066,395,13,32,44,False
catboost_default,catboost,depth=7; learning_rate=0.05; class_weights=None,0.5,484,76,0.15702479338842976,0.7678571428571429,0.5657894736842105,0.6515151515151515,0.7955062315965012,0.9453366873065016,0.06553760615362066,395,13,33,43,False
catboost_default,catboost,depth=7; learning_rate=0.05; class_weights=None,0.51,484,76,0.15702479338842976,0.7678571428571429,0.5657894736842105,0.6515151515151515,0.7955062315965012,0.9453366873065016,0.06553760615362066,395,13,33,43,False
catboost_default,catboost,depth=7; learning_rate=0.05; class_weights=None,0.52,484,76,0.15702479338842976,0.7678571428571429,0.5657894736842105,0.6515151515151515,0.7955062315965012,0.9453366873065016,0.06553760615362066,395,13,33,43,False
catboost_default,catboost,depth=7; learning_rate=0.05; class_weights=None,0.53,484,76,0.15702479338842976,0.7678571428571429,0.5657894736842105,0.6515151515151515,0.7955062315965012,0.9453366873065016,0.06553760615362066,395,13,33,43,False
catboost_default,catboost,depth=7; learning_rate=0.05; class_weights=None,0.54,484,76,0.15702479338842976,0.7678571428571429,0.5657894736842105,0.6515151515151515,0.7955062315965012,0.9453366873065016,0.06553760615362066,395,13,33,43,False
catboost_default,catboost,depth=7; learning_rate=0.05; class_weights=None,0.55,484,76,0.15702479338842976,0.7735849056603774,0.5394736842105263,0.6356589147286822,0.7955062315965012,0.9453366873065016,0.06553760615362066,396,12,35,41,False
catboost_default,catboost,depth=7; learning_rate=0.05; class_weights=None,0.56,484,76,0.15702479338842976,0.7884615384615384,0.5394736842105263,0.640625,0.7955062315965012,0.9453366873065016,0.06553760615362066,397,11,35,41,False
catboost_default,catboost,depth=7; learning_rate=0.05; class_weights=None,0.57,484,76,0.15702479338842976,0.7843137254901961,0.5263157894736842,0.6299212598425197,0.7955062315965012,0.9453366873065016,0.06553760615362066,397,11,36,40,False
catboost_default,catboost,depth=7; learning_rate=0.05; class_weights=None,0.58,484,76,0.15702479338842976,0.78,0.5131578947368421,0.6190476190476191,0.7955062315965012,0.9453366873065016,0.06553760615362066,397,11,37,39,False
catboost_default,catboost,depth=7; learning_rate=0.05; class_weights=None,0.59,484,76,0.15702479338842976,0.8125,0.5131578947368421,0.6290322580645161,0.7955062315965012,0.9453366873065016,0.06553760615362066,399,9,37,39,False
catboost_default,catboost,depth=7; learning_rate=0.05; class_weights=None,0.6,484,76,0.15702479338842976,0.8125,0.5131578947368421,0.6290322580645161,0.7955062315965012,0.9453366873065016,0.06553760615362066,399,9,37,39,False
catboost_default,catboost,depth=7; learning_rate=0.05; class_weights=None,0.61,484,76,0.15702479338842976,0.8125,0.5131578947368421,0.6290322580645161,0.7955062315965012,0.9453366873065016,0.06553760615362066,399,9,37,39,False
catboost_default,catboost,depth=7; learning_rate=0.05; class_weights=None,0.62,484,76,0.15702479338842976,0.8297872340425532,0.5131578947368421,0.6341463414634146,0.7955062315965012,0.9453366873065016,0.06553760615362066,400,8,37,39,False
catboost_default,catboost,depth=7; learning_rate=0.05; class_weights=None,0.63,484,76,0.15702479338842976,0.8478260869565217,0.5131578947368421,0.639344262295082,0.7955062315965012,0.9453366873065016,0.06553760615362066,401,7,37,39,False
catboost_default,catboost,depth=7; learning_rate=0.05; class_weights=None,0.64,484,76,0.15702479338842976,0.8478260869565217,0.5131578947368421,0.639344262295082,0.7955062315965012,0.9453366873065016,0.06553760615362066,401,7,37,39,False
catboost_default,catboost,depth=7; learning_rate=0.05; class_weights=None,0.65,484,76,0.15702479338842976,0.8478260869565217,0.5131578947368421,0.639344262295082,0.7955062315965012,0.9453366873065016,0.06553760615362066,401,7,37,39,False
catboost_default,catboost,depth=7; learning_rate=0.05; class_weights=None,0.66,484,76,0.15702479338842976,0.8478260869565217,0.5131578947368421,0.639344262295082,0.7955062315965012,0.9453366873065016,0.06553760615362066,401,7,37,39,False
catboost_default,catboost,depth=7; learning_rate=0.05; class_weights=None,0.67,484,76,0.15702479338842976,0.8666666666666667,0.5131578947368421,0.6446280991735537,0.7955062315965012,0.9453366873065016,0.06553760615362066,402,6,37,39,False
catboost_default,catboost,depth=7; learning_rate=0.05; class_weights=None,0.68,484,76,0.15702479338842976,0.8604651162790697,0.4868421052631579,0.6218487394957983,0.7955062315965012,0.9453366873065016,0.06553760615362066,402,6,39,37,False
catboost_default,catboost,depth=7; learning_rate=0.05; class_weights=None,0.69,484,76,0.15702479338842976,0.8571428571428571,0.47368421052631576,0.6101694915254238,0.7955062315965012,0.9453366873065016,0.06553760615362066,402,6,40,36,False
catboost_default,catboost,depth=7; learning_rate=0.05; class_weights=None,0.7,484,76,0.15702479338842976,0.8571428571428571,0.47368421052631576,0.6101694915254238,0.7955062315965012,0.9453366873065016,0.06553760615362066,402,6,40,36,False
catboost_default,catboost,depth=7; learning_rate=0.05; class_weights=None,0.71,484,76,0.15702479338842976,0.875,0.4605263157894737,0.603448275862069,0.7955062315965012,0.9453366873065016,0.06553760615362066,403,5,41,35,False
catboost_default,catboost,depth=7; learning_rate=0.05; class_weights=None,0.72,484,76,0.15702479338842976,0.875,0.4605263157894737,0.603448275862069,0.7955062315965012,0.9453366873065016,0.06553760615362066,403,5,41,35,False
catboost_default,catboost,depth=7; learning_rate=0.05; class_weights=None,0.73,484,76,0.15702479338842976,0.8717948717948718,0.4473684210526316,0.591304347826087,0.7955062315965012,0.9453366873065016,0.06553760615362066,403,5,42,34,False
catboost_default,catboost,depth=7; learning_rate=0.05; class_weights=None,0.74,484,76,0.15702479338842976,0.868421052631579,0.4342105263157895,0.5789473684210527,0.7955062315965012,0.9453366873065016,0.06553760615362066,403,5,43,33,False
catboost_default,catboost,depth=7; learning_rate=0.05; class_weights=None,0.75,484,76,0.15702479338842976,0.868421052631579,0.4342105263157895,0.5789473684210527,0.7955062315965012,0.9453366873065016,0.06553760615362066,403,5,43,33,False
catboost_default,catboost,depth=7; learning_rate=0.05; class_weights=None,0.76,484,76,0.15702479338842976,0.868421052631579,0.4342105263157895,0.5789473684210527,0.7955062315965012,0.9453366873065016,0.06553760615362066,403,5,43,33,False
catboost_default,catboost,depth=7; learning_rate=0.05; class_weights=None,0.77,484,76,0.15702479338842976,0.868421052631579,0.4342105263157895,0.5789473684210527,0.7955062315965012,0.9453366873065016,0.06553760615362066,403,5,43,33,False
catboost_default,catboost,depth=7; learning_rate=0.05; class_weights=None,0.78,484,76,0.15702479338842976,0.8857142857142857,0.40789473684210525,0.5585585585585585,0.7955062315965012,0.9453366873065016,0.06553760615362066,404,4,45,31,False
catboost_default,catboost,depth=7; learning_rate=0.05; class_weights=None,0.79,484,76,0.15702479338842976,0.8823529411764706,0.39473684210526316,0.5454545454545454,0.7955062315965012,0.9453366873065016,0.06553760615362066,404,4,46,30,False
catboost_default,catboost,depth=7; learning_rate=0.05; class_weights=None,0.8,484,76,0.15702479338842976,0.9,0.35526315789473684,0.5094339622641509,0.7955062315965012,0.9453366873065016,0.06553760615362066,405,3,49,27,False
catboost_default,catboost,depth=7; learning_rate=0.05; class_weights=None,0.81,484,76,0.15702479338842976,0.9,0.35526315789473684,0.5094339622641509,0.7955062315965012,0.9453366873065016,0.06553760615362066,405,3,49,27,False
catboost_default,catboost,depth=7; learning_rate=0.05; class_weights=None,0.82,484,76,0.15702479338842976,0.896551724137931,0.34210526315789475,0.49523809523809526,0.7955062315965012,0.9453366873065016,0.06553760615362066,405,3,50,26,False
catboost_default,catboost,depth=7; learning_rate=0.05; class_weights=None,0.83,484,76,0.15702479338842976,0.9285714285714286,0.34210526315789475,0.5,0.7955062315965012,0.9453366873065016,0.06553760615362066,406,2,50,26,False
catboost_default,catboost,depth=7; learning_rate=0.05; class_weights=None,0.84,484,76,0.15702479338842976,0.9285714285714286,0.34210526315789475,0.5,0.7955062315965012,0.9453366873065016,0.06553760615362066,406,2,50,26,False
catboost_default,catboost,depth=7; learning_rate=0.05; class_weights=None,0.85,484,76,0.15702479338842976,0.9285714285714286,0.34210526315789475,0.5,0.7955062315965012,0.9453366873065016,0.06553760615362066,406,2,50,26,False
catboost_default,catboost,depth=7; learning_rate=0.05; class_weights=None,0.86,484,76,0.15702479338842976,0.9259259259259259,0.32894736842105265,0.4854368932038835,0.7955062315965012,0.9453366873065016,0.06553760615362066,406,2,51,25,False
catboost_default,catboost,depth=7; learning_rate=0.05; class_weights=None,0.87,484,76,0.15702479338842976,0.9615384615384616,0.32894736842105265,0.49019607843137253,0.7955062315965012,0.9453366873065016,0.06553760615362066,407,1,51,25,False
catboost_default,catboost,depth=7; learning_rate=0.05; class_weights=None,0.88,484,76,0.15702479338842976,0.9583333333333334,0.3026315789473684,0.46,0.7955062315965012,0.9453366873065016,0.06553760615362066,407,1,53,23,False
catboost_default,catboost,depth=7; learning_rate=0.05; class_weights=None,0.89,484,76,0.15702479338842976,0.9545454545454546,0.27631578947368424,0.42857142857142855,0.7955062315965012,0.9453366873065016,0.06553760615362066,407,1,55,21,False
catboost_default,catboost,depth=7; learning_rate=0.05; class_weights=None,0.9,484,76,0.15702479338842976,0.9523809523809523,0.2631578947368421,0.41237113402061853,0.7955062315965012,0.9453366873065016,0.06553760615362066,407,1,56,20,False
catboost_default,catboost,depth=7; learning_rate=0.05; class_weights=None,0.91,484,76,0.15702479338842976,0.9523809523809523,0.2631578947368421,0.41237113402061853,0.7955062315965012,0.9453366873065016,0.06553760615362066,407,1,56,20,False
catboost_default,catboost,depth=7; learning_rate=0.05; class_weights=None,0.92,484,76,0.15702479338842976,0.9523809523809523,0.2631578947368421,0.41237113402061853,0.7955062315965012,0.9453366873065016,0.06553760615362066,407,1,56,20,False
catboost_default,catboost,depth=7; learning_rate=0.05; class_weights=None,0.93,484,76,0.15702479338842976,0.9473684210526315,0.23684210526315788,0.37894736842105264,0.7955062315965012,0.9453366873065016,0.06553760615362066,407,1,58,18,False
catboost_default,catboost,depth=7; learning_rate=0.05; class_weights=None,0.94,484,76,0.15702479338842976,1.0,0.23684210526315788,0.3829787234042553,0.7955062315965012,0.9453366873065016,0.06553760615362066,408,0,58,18,False
catboost_default,catboost,depth=7; learning_rate=0.05; class_weights=None,0.95,484,76,0.15702479338842976,1.0,0.18421052631578946,0.3111111111111111,0.7955062315965012,0.9453366873065016,0.06553760615362066,408,0,62,14,False
catboost_balanced,catboost,"depth=7; learning_rate=0.05; class_weights=[1,5.683333]",0.05,484,76,0.15702479338842976,0.2459546925566343,1.0,0.3948051948051948,0.795614434605928,0.9416279669762642,0.08020863431933628,175,233,0,76,False
catboost_balanced,catboost,"depth=7; learning_rate=0.05; class_weights=[1,5.683333]",0.06,484,76,0.15702479338842976,0.2757352941176471,0.9868421052631579,0.43103448275862066,0.795614434605928,0.9416279669762642,0.08020863431933628,211,197,1,75,False
catboost_balanced,catboost,"depth=7; learning_rate=0.05; class_weights=[1,5.683333]",0.07,484,76,0.15702479338842976,0.2964426877470356,0.9868421052631579,0.45592705167173253,0.795614434605928,0.9416279669762642,0.08020863431933628,230,178,1,75,False
catboost_balanced,catboost,"depth=7; learning_rate=0.05; class_weights=[1,5.683333]",0.08,484,76,0.15702479338842976,0.3191489361702128,0.9868421052631579,0.48231511254019294,0.795614434605928,0.9416279669762642,0.08020863431933628,248,160,1,75,False
catboost_balanced,catboost,"depth=7; learning_rate=0.05; class_weights=[1,5.683333]",0.09,484,76,0.15702479338842976,0.3288888888888889,0.9736842105263158,0.49169435215946844,0.795614434605928,0.9416279669762642,0.08020863431933628,257,151,2,74,False
catboost_balanced,catboost,"depth=7; learning_rate=0.05; class_weights=[1,5.683333]",0.1,484,76,0.15702479338842976,0.35406698564593303,0.9736842105263158,0.519298245614035,0.795614434605928,0.9416279669762642,0.08020863431933628,273,135,2,74,False
catboost_balanced,catboost,"depth=7; learning_rate=0.05; class_weights=[1,5.683333]",0.11,484,76,0.15702479338842976,0.3627450980392157,0.9736842105263158,0.5285714285714286,0.795614434605928,0.9416279669762642,0.08020863431933628,278,130,2,74,False
catboost_balanced,catboost,"depth=7; learning_rate=0.05; class_weights=[1,5.683333]",0.12,484,76,0.15702479338842976,0.38341968911917096,0.9736842105263158,0.550185873605948,0.795614434605928,0.9416279669762642,0.08020863431933628,289,119,2,74,False
catboost_balanced,catboost,"depth=7; learning_rate=0.05; class_weights=[1,5.683333]",0.13,484,76,0.15702479338842976,0.3894736842105263,0.9736842105263158,0.556390977443609,0.795614434605928,0.9416279669762642,0.08020863431933628,292,116,2,74,False
catboost_balanced,catboost,"depth=7; learning_rate=0.05; class_weights=[1,5.683333]",0.14,484,76,0.15702479338842976,0.39037433155080214,0.9605263157894737,0.5551330798479087,0.795614434605928,0.9416279669762642,0.08020863431933628,294,114,3,73,False
catboost_balanced,catboost,"depth=7; learning_rate=0.05; class_weights=[1,5.683333]",0.15,484,76,0.15702479338842976,0.3989071038251366,0.9605263157894737,0.5637065637065637,0.795614434605928,0.9416279669762642,0.08020863431933628,298,110,3,73,False
catboost_balanced,catboost,"depth=7; learning_rate=0.05; class_weights=[1,5.683333]",0.16,484,76,0.15702479338842976,0.40331491712707185,0.9605263157894737,0.5680933852140078,0.795614434605928,0.9416279669762642,0.08020863431933628,300,108,3,73,False
catboost_balanced,catboost,"depth=7; learning_rate=0.05; class_weights=[1,5.683333]",0.17,484,76,0.15702479338842976,0.4124293785310734,0.9605263157894737,0.5770750988142292,0.795614434605928,0.9416279669762642,0.08020863431933628,304,104,3,73,False
catboost_balanced,catboost,"depth=7; learning_rate=0.05; class_weights=[1,5.683333]",0.18,484,76,0.15702479338842976,0.42441860465116277,0.9605263157894737,0.5887096774193549,0.795614434605928,0.9416279669762642,0.08020863431933628,309,99,3,73,False
catboost_balanced,catboost,"depth=7; learning_rate=0.05; class_weights=[1,5.683333]",0.19,484,76,0.15702479338842976,0.43373493975903615,0.9473684210526315,0.5950413223140496,0.795614434605928,0.9416279669762642,0.08020863431933628,314,94,4,72,False
catboost_balanced,catboost,"depth=7; learning_rate=0.05; class_weights=[1,5.683333]",0.2,484,76,0.15702479338842976,0.4472049689440994,0.9473684210526315,0.6075949367088608,0.795614434605928,0.9416279669762642,0.08020863431933628,319,89,4,72,False
catboost_balanced,catboost,"depth=7; learning_rate=0.05; class_weights=[1,5.683333]",0.21,484,76,0.15702479338842976,0.45569620253164556,0.9473684210526315,0.6153846153846154,0.795614434605928,0.9416279669762642,0.08020863431933628,322,86,4,72,False
catboost_balanced,catboost,"depth=7; learning_rate=0.05; class_weights=[1,5.683333]",0.22,484,76,0.15702479338842976,0.47058823529411764,0.9473684210526315,0.62882096069869,0.795614434605928,0.9416279669762642,0.08020863431933628,327,81,4,72,False
catboost_balanced,catboost,"depth=7; learning_rate=0.05; class_weights=[1,5.683333]",0.23,484,76,0.15702479338842976,0.4794520547945205,0.9210526315789473,0.6306306306306306,0.795614434605928,0.9416279669762642,0.08020863431933628,332,76,6,70,False
catboost_balanced,catboost,"depth=7; learning_rate=0.05; class_weights=[1,5.683333]",0.24,484,76,0.15702479338842976,0.4861111111111111,0.9210526315789473,0.6363636363636364,0.795614434605928,0.9416279669762642,0.08020863431933628,334,74,6,70,False
catboost_balanced,catboost,"depth=7; learning_rate=0.05; class_weights=[1,5.683333]",0.25,484,76,0.15702479338842976,0.48951048951048953,0.9210526315789473,0.639269406392694,0.795614434605928,0.9416279669762642,0.08020863431933628,335,73,6,70,False
catboost_balanced,catboost,"depth=7; learning_rate=0.05; class_weights=[1,5.683333]",0.26,484,76,0.15702479338842976,0.49640287769784175,0.9078947368421053,0.641860465116279,0.795614434605928,0.9416279669762642,0.08020863431933628,338,70,7,69,False
catboost_balanced,catboost,"depth=7; learning_rate=0.05; class_weights=[1,5.683333]",0.27,484,76,0.15702479338842976,0.5,0.9078947368421053,0.6448598130841121,0.795614434605928,0.9416279669762642,0.08020863431933628,339,69,7,69,False
catboost_balanced,catboost,"depth=7; learning_rate=0.05; class_weights=[1,5.683333]",0.28,484,76,0.15702479338842976,0.49635036496350365,0.8947368421052632,0.6384976525821596,0.795614434605928,0.9416279669762642,0.08020863431933628,339,69,8,68,False
catboost_balanced,catboost,"depth=7; learning_rate=0.05; class_weights=[1,5.683333]",0.29,484,76,0.15702479338842976,0.4888888888888889,0.868421052631579,0.6255924170616114,0.795614434605928,0.9416279669762642,0.08020863431933628,339,69,10,66,False
catboost_balanced,catboost,"depth=7; learning_rate=0.05; class_weights=[1,5.683333]",0.3,484,76,0.15702479338842976,0.49624060150375937,0.868421052631579,0.631578947368421,0.795614434605928,0.9416279669762642,0.08020863431933628,341,67,10,66,False
catboost_balanced,catboost,"depth=7; learning_rate=0.05; class_weights=[1,5.683333]",0.31,484,76,0.15702479338842976,0.5038167938931297,0.868421052631579,0.6376811594202898,0.795614434605928,0.9416279669762642,0.08020863431933628,343,65,10,66,False
catboost_balanced,catboost,"depth=7; learning_rate=0.05; class_weights=[1,5.683333]",0.32,484,76,0.15702479338842976,0.5238095238095238,0.868421052631579,0.6534653465346535,0.795614434605928,0.9416279669762642,0.08020863431933628,348,60,10,66,False
catboost_balanced,catboost,"depth=7; learning_rate=0.05; class_weights=[1,5.683333]",0.33,484,76,0.15702479338842976,0.5203252032520326,0.8421052631578947,0.6432160804020101,0.795614434605928,0.9416279669762642,0.08020863431933628,349,59,12,64,False
catboost_balanced,catboost,"depth=7; learning_rate=0.05; class_weights=[1,5.683333]",0.34,484,76,0.15702479338842976,0.5206611570247934,0.8289473684210527,0.6395939086294417,0.795614434605928,0.9416279669762642,0.08020863431933628,350,58,13,63,False
catboost_balanced,catboost,"depth=7; learning_rate=0.05; class_weights=[1,5.683333]",0.35,484,76,0.15702479338842976,0.5254237288135594,0.8157894736842105,0.6391752577319587,0.795614434605928,0.9416279669762642,0.08020863431933628,352,56,14,62,False
catboost_balanced,catboost,"depth=7; learning_rate=0.05; class_weights=[1,5.683333]",0.36,484,76,0.15702479338842976,0.5299145299145299,0.8157894736842105,0.6424870466321243,0.795614434605928,0.9416279669762642,0.08020863431933628,353,55,14,62,False
catboost_balanced,catboost,"depth=7; learning_rate=0.05; class_weights=[1,5.683333]",0.37,484,76,0.15702479338842976,0.5391304347826087,0.8157894736842105,0.6492146596858639,0.795614434605928,0.9416279669762642,0.08020863431933628,355,53,14,62,False
catboost_balanced,catboost,"depth=7; learning_rate=0.05; class_weights=[1,5.683333]",0.38,484,76,0.15702479338842976,0.543859649122807,0.8157894736842105,0.6526315789473685,0.795614434605928,0.9416279669762642,0.08020863431933628,356,52,14,62,False
catboost_balanced,catboost,"depth=7; learning_rate=0.05; class_weights=[1,5.683333]",0.39,484,76,0.15702479338842976,0.5486725663716814,0.8157894736842105,0.656084656084656,0.795614434605928,0.9416279669762642,0.08020863431933628,357,51,14,62,False
catboost_balanced,catboost,"depth=7; learning_rate=0.05; class_weights=[1,5.683333]",0.4,484,76,0.15702479338842976,0.5535714285714286,0.8157894736842105,0.6595744680851063,0.795614434605928,0.9416279669762642,0.08020863431933628,358,50,14,62,False
catboost_balanced,catboost,"depth=7; learning_rate=0.05; class_weights=[1,5.683333]",0.41,484,76,0.15702479338842976,0.5585585585585585,0.8157894736842105,0.6631016042780749,0.795614434605928,0.9416279669762642,0.08020863431933628,359,49,14,62,False
catboost_balanced,catboost,"depth=7; learning_rate=0.05; class_weights=[1,5.683333]",0.42,484,76,0.15702479338842976,0.5585585585585585,0.8157894736842105,0.6631016042780749,0.795614434605928,0.9416279669762642,0.08020863431933628,359,49,14,62,False
catboost_balanced,catboost,"depth=7; learning_rate=0.05; class_weights=[1,5.683333]",0.43,484,76,0.15702479338842976,0.5688073394495413,0.8157894736842105,0.6702702702702703,0.795614434605928,0.9416279669762642,0.08020863431933628,361,47,14,62,False
catboost_balanced,catboost,"depth=7; learning_rate=0.05; class_weights=[1,5.683333]",0.44,484,76,0.15702479338842976,0.5740740740740741,0.8157894736842105,0.6739130434782609,0.795614434605928,0.9416279669762642,0.08020863431933628,362,46,14,62,False
catboost_balanced,catboost,"depth=7; learning_rate=0.05; class_weights=[1,5.683333]",0.45,484,76,0.15702479338842976,0.5660377358490566,0.7894736842105263,0.6593406593406593,0.795614434605928,0.9416279669762642,0.08020863431933628,362,46,16,60,False
catboost_balanced,catboost,"depth=7; learning_rate=0.05; class_weights=[1,5.683333]",0.46,484,76,0.15702479338842976,0.5769230769230769,0.7894736842105263,0.6666666666666666,0.795614434605928,0.9416279669762642,0.08020863431933628,364,44,16,60,False
catboost_balanced,catboost,"depth=7; learning_rate=0.05; class_weights=[1,5.683333]",0.47,484,76,0.15702479338842976,0.5825242718446602,0.7894736842105263,0.6703910614525139,0.795614434605928,0.9416279669762642,0.08020863431933628,365,43,16,60,False
catboost_balanced,catboost,"depth=7; learning_rate=0.05; class_weights=[1,5.683333]",0.48,484,76,0.15702479338842976,0.5825242718446602,0.7894736842105263,0.6703910614525139,0.795614434605928,0.9416279669762642,0.08020863431933628,365,43,16,60,False
catboost_balanced,catboost,"depth=7; learning_rate=0.05; class_weights=[1,5.683333]",0.49,484,76,0.15702479338842976,0.5882352941176471,0.7894736842105263,0.6741573033707865,0.795614434605928,0.9416279669762642,0.08020863431933628,366,42,16,60,False
catboost_balanced,catboost,"depth=7; learning_rate=0.05; class_weights=[1,5.683333]",0.5,484,76,0.15702479338842976,0.594059405940594,0.7894736842105263,0.6779661016949152,0.795614434605928,0.9416279669762642,0.08020863431933628,367,41,16,60,False
catboost_balanced,catboost,"depth=7; learning_rate=0.05; class_weights=[1,5.683333]",0.51,484,76,0.15702479338842976,0.6060606060606061,0.7894736842105263,0.6857142857142857,0.795614434605928,0.9416279669762642,0.08020863431933628,369,39,16,60,False
catboost_balanced,catboost,"depth=7; learning_rate=0.05; class_weights=[1,5.683333]",0.52,484,76,0.15702479338842976,0.6122448979591837,0.7894736842105263,0.6896551724137931,0.795614434605928,0.9416279669762642,0.08020863431933628,370,38,16,60,False
catboost_balanced,catboost,"depth=7; learning_rate=0.05; class_weights=[1,5.683333]",0.53,484,76,0.15702479338842976,0.6185567010309279,0.7894736842105263,0.6936416184971098,0.795614434605928,0.9416279669762642,0.08020863431933628,371,37,16,60,False
catboost_balanced,catboost,"depth=7; learning_rate=0.05; class_weights=[1,5.683333]",0.54,484,76,0.15702479338842976,0.625,0.7894736842105263,0.6976744186046512,0.795614434605928,0.9416279669762642,0.08020863431933628,372,36,16,60,False
catboost_balanced,catboost,"depth=7; learning_rate=0.05; class_weights=[1,5.683333]",0.55,484,76,0.15702479338842976,0.6210526315789474,0.7763157894736842,0.6900584795321637,0.795614434605928,0.9416279669762642,0.08020863431933628,372,36,17,59,False
catboost_balanced,catboost,"depth=7; learning_rate=0.05; class_weights=[1,5.683333]",0.56,484,76,0.15702479338842976,0.6276595744680851,0.7763157894736842,0.6941176470588235,0.795614434605928,0.9416279669762642,0.08020863431933628,373,35,17,59,False
catboost_balanced,catboost,"depth=7; learning_rate=0.05; class_weights=[1,5.683333]",0.57,484,76,0.15702479338842976,0.6344086021505376,0.7763157894736842,0.6982248520710059,0.795614434605928,0.9416279669762642,0.08020863431933628,374,34,17,59,False
catboost_balanced,catboost,"depth=7; learning_rate=0.05; class_weights=[1,5.683333]",0.58,484,76,0.15702479338842976,0.6344086021505376,0.7763157894736842,0.6982248520710059,0.795614434605928,0.9416279669762642,0.08020863431933628,374,34,17,59,False
catboost_balanced,catboost,"depth=7; learning_rate=0.05; class_weights=[1,5.683333]",0.59,484,76,0.15702479338842976,0.6373626373626373,0.7631578947368421,0.6946107784431138,0.795614434605928,0.9416279669762642,0.08020863431933628,375,33,18,58,False
catboost_balanced,catboost,"depth=7; learning_rate=0.05; class_weights=[1,5.683333]",0.6,484,76,0.15702479338842976,0.6363636363636364,0.7368421052631579,0.6829268292682927,0.795614434605928,0.9416279669762642,0.08020863431933628,376,32,20,56,False
catboost_balanced,catboost,"depth=7; learning_rate=0.05; class_weights=[1,5.683333]",0.61,484,76,0.15702479338842976,0.6511627906976745,0.7368421052631579,0.691358024691358,0.795614434605928,0.9416279669762642,0.08020863431933628,378,30,20,56,False
catboost_balanced,catboost,"depth=7; learning_rate=0.05; class_weights=[1,5.683333]",0.62,484,76,0.15702479338842976,0.6588235294117647,0.7368421052631579,0.6956521739130435,0.795614434605928,0.9416279669762642,0.08020863431933628,379,29,20,56,False
catboost_balanced,catboost,"depth=7; learning_rate=0.05; class_weights=[1,5.683333]",0.63,484,76,0.15702479338842976,0.6746987951807228,0.7368421052631579,0.7044025157232704,0.795614434605928,0.9416279669762642,0.08020863431933628,381,27,20,56,True
catboost_balanced,catboost,"depth=7; learning_rate=0.05; class_weights=[1,5.683333]",0.64,484,76,0.15702479338842976,0.6790123456790124,0.7236842105263158,0.7006369426751592,0.795614434605928,0.9416279669762642,0.08020863431933628,382,26,21,55,False
catboost_balanced,catboost,"depth=7; learning_rate=0.05; class_weights=[1,5.683333]",0.65,484,76,0.15702479338842976,0.6794871794871795,0.6973684210526315,0.6883116883116883,0.795614434605928,0.9416279669762642,0.08020863431933628,383,25,23,53,False
catboost_balanced,catboost,"depth=7; learning_rate=0.05; class_weights=[1,5.683333]",0.66,484,76,0.15702479338842976,0.6933333333333334,0.6842105263157895,0.6887417218543046,0.795614434605928,0.9416279669762642,0.08020863431933628,385,23,24,52,False
catboost_balanced,catboost,"depth=7; learning_rate=0.05; class_weights=[1,5.683333]",0.67,484,76,0.15702479338842976,0.6933333333333334,0.6842105263157895,0.6887417218543046,0.795614434605928,0.9416279669762642,0.08020863431933628,385,23,24,52,False
catboost_balanced,catboost,"depth=7; learning_rate=0.05; class_weights=[1,5.683333]",0.68,484,76,0.15702479338842976,0.6944444444444444,0.6578947368421053,0.6756756756756757,0.795614434605928,0.9416279669762642,0.08020863431933628,386,22,26,50,False
catboost_balanced,catboost,"depth=7; learning_rate=0.05; class_weights=[1,5.683333]",0.69,484,76,0.15702479338842976,0.704225352112676,0.6578947368421053,0.6802721088435374,0.795614434605928,0.9416279669762642,0.08020863431933628,387,21,26,50,False
catboost_balanced,catboost,"depth=7; learning_rate=0.05; class_weights=[1,5.683333]",0.7,484,76,0.15702479338842976,0.7164179104477612,0.631578947368421,0.6713286713286714,0.795614434605928,0.9416279669762642,0.08020863431933628,389,19,28,48,False
catboost_balanced,catboost,"depth=7; learning_rate=0.05; class_weights=[1,5.683333]",0.71,484,76,0.15702479338842976,0.7164179104477612,0.631578947368421,0.6713286713286714,0.795614434605928,0.9416279669762642,0.08020863431933628,389,19,28,48,False
catboost_balanced,catboost,"depth=7; learning_rate=0.05; class_weights=[1,5.683333]",0.72,484,76,0.15702479338842976,0.7272727272727273,0.631578947368421,0.676056338028169,0.795614434605928,0.9416279669762642,0.08020863431933628,390,18,28,48,False
catboost_balanced,catboost,"depth=7; learning_rate=0.05; class_weights=[1,5.683333]",0.73,484,76,0.15702479338842976,0.7272727272727273,0.631578947368421,0.676056338028169,0.795614434605928,0.9416279669762642,0.08020863431933628,390,18,28,48,False
catboost_balanced,catboost,"depth=7; learning_rate=0.05; class_weights=[1,5.683333]",0.74,484,76,0.15702479338842976,0.7868852459016393,0.631578947368421,0.7007299270072993,0.795614434605928,0.9416279669762642,0.08020863431933628,395,13,28,48,False
catboost_balanced,catboost,"depth=7; learning_rate=0.05; class_weights=[1,5.683333]",0.75,484,76,0.15702479338842976,0.7868852459016393,0.631578947368421,0.7007299270072993,0.795614434605928,0.9416279669762642,0.08020863431933628,395,13,28,48,False
catboost_balanced,catboost,"depth=7; learning_rate=0.05; class_weights=[1,5.683333]",0.76,484,76,0.15702479338842976,0.7796610169491526,0.6052631578947368,0.6814814814814815,0.795614434605928,0.9416279669762642,0.08020863431933628,395,13,30,46,False
catboost_balanced,catboost,"depth=7; learning_rate=0.05; class_weights=[1,5.683333]",0.77,484,76,0.15702479338842976,0.7758620689655172,0.5921052631578947,0.6716417910447762,0.795614434605928,0.9416279669762642,0.08020863431933628,395,13,31,45,False
catboost_balanced,catboost,"depth=7; learning_rate=0.05; class_weights=[1,5.683333]",0.78,484,76,0.15702479338842976,0.7719298245614035,0.5789473684210527,0.6616541353383458,0.795614434605928,0.9416279669762642,0.08020863431933628,395,13,32,44,False
catboost_balanced,catboost,"depth=7; learning_rate=0.05; class_weights=[1,5.683333]",0.79,484,76,0.15702479338842976,0.7719298245614035,0.5789473684210527,0.6616541353383458,0.795614434605928,0.9416279669762642,0.08020863431933628,395,13,32,44,False
catboost_balanced,catboost,"depth=7; learning_rate=0.05; class_weights=[1,5.683333]",0.8,484,76,0.15702479338842976,0.7962962962962963,0.5657894736842105,0.6615384615384615,0.795614434605928,0.9416279669762642,0.08020863431933628,397,11,33,43,False
catboost_balanced,catboost,"depth=7; learning_rate=0.05; class_weights=[1,5.683333]",0.81,484,76,0.15702479338842976,0.8076923076923077,0.5526315789473685,0.65625,0.795614434605928,0.9416279669762642,0.08020863431933628,398,10,34,42,False
catboost_balanced,catboost,"depth=7; learning_rate=0.05; class_weights=[1,5.683333]",0.82,484,76,0.15702479338842976,0.8235294117647058,0.5526315789473685,0.6614173228346457,0.795614434605928,0.9416279669762642,0.08020863431933628,399,9,34,42,False
catboost_balanced,catboost,"depth=7; learning_rate=0.05; class_weights=[1,5.683333]",0.83,484,76,0.15702479338842976,0.82,0.5394736842105263,0.6507936507936508,0.795614434605928,0.9416279669762642,0.08020863431933628,399,9,35,41,False
catboost_balanced,catboost,"depth=7; learning_rate=0.05; class_weights=[1,5.683333]",0.84,484,76,0.15702479338842976,0.8163265306122449,0.5263157894736842,0.64,0.795614434605928,0.9416279669762642,0.08020863431933628,399,9,36,40,False
catboost_balanced,catboost,"depth=7; learning_rate=0.05; class_weights=[1,5.683333]",0.85,484,76,0.15702479338842976,0.8163265306122449,0.5263157894736842,0.64,0.795614434605928,0.9416279669762642,0.08020863431933628,399,9,36,40,False
catboost_balanced,catboost,"depth=7; learning_rate=0.05; class_weights=[1,5.683333]",0.86,484,76,0.15702479338842976,0.8297872340425532,0.5131578947368421,0.6341463414634146,0.795614434605928,0.9416279669762642,0.08020863431933628,400,8,37,39,False
catboost_balanced,catboost,"depth=7; learning_rate=0.05; class_weights=[1,5.683333]",0.87,484,76,0.15702479338842976,0.8666666666666667,0.5131578947368421,0.6446280991735537,0.795614434605928,0.9416279669762642,0.08020863431933628,402,6,37,39,False
catboost_balanced,catboost,"depth=7; learning_rate=0.05; class_weights=[1,5.683333]",0.88,484,76,0.15702479338842976,0.9024390243902439,0.4868421052631579,0.6324786324786325,0.795614434605928,0.9416279669762642,0.08020863431933628,404,4,39,37,False
catboost_balanced,catboost,"depth=7; learning_rate=0.05; class_weights=[1,5.683333]",0.89,484,76,0.15702479338842976,0.8974358974358975,0.4605263157894737,0.6086956521739131,0.795614434605928,0.9416279669762642,0.08020863431933628,404,4,41,35,False
catboost_balanced,catboost,"depth=7; learning_rate=0.05; class_weights=[1,5.683333]",0.9,484,76,0.15702479338842976,0.918918918918919,0.4473684210526316,0.6017699115044248,0.795614434605928,0.9416279669762642,0.08020863431933628,405,3,42,34,False
catboost_balanced,catboost,"depth=7; learning_rate=0.05; class_weights=[1,5.683333]",0.91,484,76,0.15702479338842976,0.9444444444444444,0.4473684210526316,0.6071428571428571,0.795614434605928,0.9416279669762642,0.08020863431933628,406,2,42,34,False
catboost_balanced,catboost,"depth=7; learning_rate=0.05; class_weights=[1,5.683333]",0.92,484,76,0.15702479338842976,0.9411764705882353,0.42105263157894735,0.5818181818181818,0.795614434605928,0.9416279669762642,0.08020863431933628,406,2,44,32,False
catboost_balanced,catboost,"depth=7; learning_rate=0.05; class_weights=[1,5.683333]",0.93,484,76,0.15702479338842976,0.9354838709677419,0.3815789473684211,0.5420560747663551,0.795614434605928,0.9416279669762642,0.08020863431933628,406,2,47,29,False
catboost_balanced,catboost,"depth=7; learning_rate=0.05; class_weights=[1,5.683333]",0.94,484,76,0.15702479338842976,0.9259259259259259,0.32894736842105265,0.4854368932038835,0.795614434605928,0.9416279669762642,0.08020863431933628,406,2,51,25,False
catboost_balanced,catboost,"depth=7; learning_rate=0.05; class_weights=[1,5.683333]",0.95,484,76,0.15702479338842976,0.9230769230769231,0.3157894736842105,0.47058823529411764,0.795614434605928,0.9416279669762642,0.08020863431933628,406,2,52,24,False
